source_page,destination_page,anchor_text,status,rel,type
https://francielesofiati.com/en,https://francielesofiati.com/en/consultation,Consult,200,follow,contextual
https://francielesofiati.com/en,https://francielesofiati.com/en/treatments,Treatments,200,follow,contextual
https://francielesofiati.com/en,https://francielesofiati.com/en/skin,"Skin clarity and comfort Congestion, sensitivity, uneven texture, acne tendency,
                brightness and the everyday health of your skin.",200,follow,contextual
https://francielesofiati.com/en,https://francielesofiati.com/en/laser,"Laser and pigmentation Pigmentation, redness, unwanted hair, resurfacing and laser
                suitability planned around preparation and recovery.",200,follow,contextual
https://francielesofiati.com/en,https://francielesofiati.com/en/treatments,"Texture and firmness Collagen support, facial balance, skin quality and gradual
                strategies for changes in texture or laxity.",200,follow,contextual
https://francielesofiati.com/en,https://francielesofiati.com/en/treatments,"Scalp, body and microvessels Hair-thinning concerns, selected body care and small visible
                vessels considered through an individual plan.",200,follow,contextual
https://francielesofiati.com/en,https://francielesofiati.com/en/treatments,View the Full Treatment Directory,200,follow,contextual
https://francielesofiati.com/en,https://francielesofiati.com/en/treatments,Explore Treatments,200,follow,contextual
https://francielesofiati.com/en,https://francielesofiati.com/en/laser,Understand Laser Care,200,follow,contextual
https://francielesofiati.com/en,https://francielesofiati.com/en/treatments,Explore Treatments,200,follow,contextual
https://francielesofiati.com/en,https://francielesofiati.com/en/laser,Understand Laser Care,200,follow,contextual
https://francielesofiati.com/en,https://francielesofiati.com/en/care,Explore the Care Approach,200,follow,contextual
https://francielesofiati.com/en,https://francielesofiati.com/en/about,About Franciele,200,follow,contextual
https://francielesofiati.com/en,https://francielesofiati.com/en/contact,Contact the Clinic,200,follow,contextual
https://francielesofiati.com/en,https://francielesofiati.com/en/about,About Franciele,200,follow,contextual
https://francielesofiati.com/en,https://francielesofiati.com/en/contact,Contact the Clinic,200,follow,contextual
https://francielesofiati.com/en,https://francielesofiati.com/en/results,View Results Responsibly,200,follow,contextual
https://francielesofiati.com/en,https://francielesofiati.com/en/testimonials,Patient experiences ↗,200,follow,contextual
https://francielesofiati.com/en,https://francielesofiati.com/en/faq,Read All Frequently Asked Questions,200,follow,contextual
https://francielesofiati.com/en,https://francielesofiati.com/en/consultation,Consult,200,follow,contextual
https://francielesofiati.com/en,https://francielesofiati.com/en/contact,Contact,200,follow,contextual
https://francielesofiati.com,https://francielesofiati.com/consulta,Agendar consulta,200,follow,contextual
https://francielesofiati.com,https://francielesofiati.com/tratamentos,Tratamentos,200,follow,contextual
https://francielesofiati.com,https://francielesofiati.com/pele,"Clareza e conforto da pele Obstrução dos poros, sensibilidade, textura irregular, tendência à acne, viço e saúde cotidiana da pele.",200,follow,contextual
https://francielesofiati.com,https://francielesofiati.com/laser,"Laser e pigmentação Pigmentação, vermelhidão, pelos indesejados, resurfacing e indicação de laser, planejados com atenção à preparação e à recuperação.",200,follow,contextual
https://francielesofiati.com,https://francielesofiati.com/tratamentos,"Textura e firmeza Estímulo de colágeno, equilíbrio facial, qualidade da pele e estratégias graduais para alterações de textura ou flacidez.",200,follow,contextual
https://francielesofiati.com,https://francielesofiati.com/tratamentos,"Couro cabeludo, corpo e microvasos Questões de afinamento capilar, cuidados corporais selecionados e pequenos vasos visíveis, considerados em um plano individual.",200,follow,contextual
https://francielesofiati.com,https://francielesofiati.com/tratamentos,Veja todos os tratamentos,200,follow,contextual
https://francielesofiati.com,https://francielesofiati.com/tratamentos,Conheça os tratamentos,200,follow,contextual
https://francielesofiati.com,https://francielesofiati.com/laser,Entenda os tratamentos a laser,200,follow,contextual
https://francielesofiati.com,https://francielesofiati.com/tratamentos,Conheça os tratamentos,200,follow,contextual
https://francielesofiati.com,https://francielesofiati.com/laser,Entenda os tratamentos a laser,200,follow,contextual
https://francielesofiati.com,https://francielesofiati.com/cuidados,Conheça a abordagem de cuidado,200,follow,contextual
https://francielesofiati.com,https://francielesofiati.com/sobre,Sobre Franciele,200,follow,contextual
https://francielesofiati.com,https://francielesofiati.com/contato,Entre em contato com a clínica,200,follow,contextual
https://francielesofiati.com,https://francielesofiati.com/sobre,Sobre Franciele,200,follow,contextual
https://francielesofiati.com,https://francielesofiati.com/contato,Entre em contato com a clínica,200,follow,contextual
https://francielesofiati.com,https://francielesofiati.com/resultados,Veja os resultados com responsabilidade,200,follow,contextual
https://francielesofiati.com,https://francielesofiati.com/depoimentos,Experiências de pacientes ↗,200,follow,contextual
https://francielesofiati.com,https://francielesofiati.com/perguntas,Leia todas as perguntas frequentes,200,follow,contextual
https://francielesofiati.com,https://francielesofiati.com/consulta,Agendar consulta,200,follow,contextual
https://francielesofiati.com,https://francielesofiati.com/contato,Contato,200,follow,contextual
https://francielesofiati.com/en/about,https://francielesofiati.com/en,Home,200,follow,breadcrumb
https://francielesofiati.com/en/about,https://francielesofiati.com/en/consultation,Consult,200,follow,contextual
https://francielesofiati.com/en/about,https://francielesofiati.com/en/contact,Contact,200,follow,contextual
https://francielesofiati.com/en/about,https://francielesofiati.com/en/treatments,Explore Treatments,200,follow,contextual
https://francielesofiati.com/en/about,https://francielesofiati.com/en/contact,"Contact Questions during recovery are part of care, not an interruption.",200,follow,contextual
https://francielesofiati.com/en/about,https://francielesofiati.com/en/care,Read the care guide,200,follow,contextual
https://francielesofiati.com/en/about,https://francielesofiati.com/en/consultation,Consult,200,follow,contextual
https://francielesofiati.com/en/about,https://francielesofiati.com/en/treatments,Treatments,200,follow,contextual
https://francielesofiati.com/sobre,https://francielesofiati.com,Início,200,follow,breadcrumb
https://francielesofiati.com/sobre,https://francielesofiati.com/consulta,Agendar consulta,200,follow,contextual
https://francielesofiati.com/sobre,https://francielesofiati.com/contato,Contato,200,follow,contextual
https://francielesofiati.com/sobre,https://francielesofiati.com/tratamentos,Conheça os tratamentos,200,follow,contextual
https://francielesofiati.com/sobre,https://francielesofiati.com/contato,"Contato As dúvidas durante a recuperação fazem parte do cuidado, não são uma interrupção.",200,follow,contextual
https://francielesofiati.com/sobre,https://francielesofiati.com/cuidados,Leia o guia de cuidados,200,follow,contextual
https://francielesofiati.com/sobre,https://francielesofiati.com/consulta,Agendar consulta,200,follow,contextual
https://francielesofiati.com/sobre,https://francielesofiati.com/tratamentos,Tratamentos,200,follow,contextual
https://francielesofiati.com/en/care,https://francielesofiati.com/en,Home,200,follow,breadcrumb
https://francielesofiati.com/en/care,https://francielesofiati.com/en/consultation,Consult,200,follow,contextual
https://francielesofiati.com/en/care,https://francielesofiati.com/en/contact,Contact,200,follow,contextual
https://francielesofiati.com/en/care,https://francielesofiati.com/en/consultation,Consult,200,follow,contextual
https://francielesofiati.com/en/care,https://francielesofiati.com/en/treatments,Treatments,200,follow,contextual
https://francielesofiati.com/cuidados,https://francielesofiati.com,Início,200,follow,breadcrumb
https://francielesofiati.com/cuidados,https://francielesofiati.com/consulta,Agendar consulta,200,follow,contextual
https://francielesofiati.com/cuidados,https://francielesofiati.com/contato,Contato,200,follow,contextual
https://francielesofiati.com/cuidados,https://francielesofiati.com/consulta,Agendar consulta,200,follow,contextual
https://francielesofiati.com/cuidados,https://francielesofiati.com/tratamentos,Tratamentos,200,follow,contextual
https://francielesofiati.com/en/consultation,https://francielesofiati.com/en,Home,200,follow,breadcrumb
https://francielesofiati.com/consulta,https://francielesofiati.com,Início,200,follow,breadcrumb
https://francielesofiati.com/en/contact,https://francielesofiati.com/en,Home,200,follow,breadcrumb
https://francielesofiati.com/contato,https://francielesofiati.com,Início,200,follow,breadcrumb
https://francielesofiati.com/en/cookies,https://francielesofiati.com/en,Home,200,follow,breadcrumb
https://francielesofiati.com/en/cookies,https://francielesofiati.com/cookies,Ler em português,200,follow,contextual
https://francielesofiati.com/en/cookies,https://francielesofiati.com/en/contact,Contact us,200,follow,contextual
https://francielesofiati.com/cookies,https://francielesofiati.com,Início,200,follow,breadcrumb
https://francielesofiati.com/cookies,https://francielesofiati.com/en/cookies,Read in English,200,follow,contextual
https://francielesofiati.com/cookies,https://francielesofiati.com/contato,Entrar em contato,200,follow,contextual
https://francielesofiati.com/en/faq,https://francielesofiati.com/en,Home,200,follow,breadcrumb
https://francielesofiati.com/en/faq,https://francielesofiati.com/en/consultation,Consult,200,follow,contextual
https://francielesofiati.com/en/faq,https://francielesofiati.com/en/contact,Contact,200,follow,contextual
https://francielesofiati.com/perguntas,https://francielesofiati.com,Início,200,follow,breadcrumb
https://francielesofiati.com/perguntas,https://francielesofiati.com/consulta,Agendar consulta,200,follow,contextual
https://francielesofiati.com/perguntas,https://francielesofiati.com/contato,Contato,200,follow,contextual
https://francielesofiati.com/perguntas,https://francielesofiati.com/consulta,Agendar uma consulta,200,follow,contextual
https://francielesofiati.com/en/blog,https://francielesofiati.com/en,Home,200,follow,breadcrumb
https://francielesofiati.com/en/blog,https://francielesofiati.com/en/blog/botox-in-londrina-complete-guide,"Lead essay · Botulinum toxin Lead story 01 Botox in Londrina: complete guide to botulinum toxin Results, aftercare, suitability, safety and natural expression explained from assessment of your own face and movement. By Franciele Sofiati · September 4, 2026 Read the lead essay →",200,follow,contextual
https://francielesofiati.com/en/blog,https://francielesofiati.com/en/blog/frugal-chic-intentional-aesthetic-care,"Conscious choices 02 Frugal Chic : the art of investing in aesthetic care without excess A philosophy of purposeful care: less excess, more clarity, safety and choices that respect your routine. 6 min read · Article 02 Read article →",200,follow,contextual
https://francielesofiati.com/en/blog,https://francielesofiati.com/en/blog/consultation-first,"Consultation & Care 02 Before the Treatment: Why Thoughtful Aesthetic Care Begins with a Consultation A good plan begins before a device is chosen: with history, priorities, suitability and realistic expectations. 6 min read · Article 02 Read article →",200,follow,contextual
https://francielesofiati.com/en/blog,https://francielesofiati.com/en/blog/skin-barrier,"Consultation & Care 03 When More Is Not Better: Rebuilding a Skin Barrier Overwhelmed by Skincare How to recognise an overwhelmed skin barrier, simplify an overactive routine and restore tolerance before adding actives or procedures. 6 min read · Article 03 Read article →",200,follow,contextual
https://francielesofiati.com/en/blog,https://francielesofiati.com/en/blog/skin-cleansing,"Consultation & Care 02 A Clearer Starting Point: What Professional Skin Cleansing Can — and Cannot — Do What careful professional cleansing can clarify, which congestion can be treated safely, and why more pressure never means better care. 6 min read · Article 02 Read article →",200,follow,contextual
https://francielesofiati.com/en/blog,https://francielesofiati.com/en/blog/uneven-tone,"Skin Health 04 Uneven Tone Is Not One Condition: A More Careful Conversation About Pigmentation Pigmentation has patterns, triggers and memory. Understand why colour must be assessed before choosing how—or whether—to treat it. 6 min read · Article 04 Read article →",200,follow,contextual
https://francielesofiati.com/en/blog,https://francielesofiati.com/en/blog/acne-scars,"Skin Health 06 Not Every Acne Scar Is the Same: Why Texture Requires a Layered Treatment Plan Acne scars differ in depth, shape and colour. Learn why texture usually needs staged, layered treatment rather than one universal device. 6 min read · Article 06 Read article →",200,follow,contextual
https://francielesofiati.com/en/blog,https://francielesofiati.com/en/blog/facial-redness,"Laser & Technology 05 Beyond ‘Sensitive Skin’: Understanding Persistent Redness and Visible Facial Vessels Persistent redness is not one diagnosis. A careful guide to vessels, inflammation, laser and light, and when medical assessment comes first. 5 min read · Article 05 Read article →",200,follow,contextual
https://francielesofiati.com/en/blog,https://francielesofiati.com/en/blog/fractional-co2-laser,"Laser & Technology 07 Fractional CO₂ Laser Without the Hype: Preparation, Recovery and the Results That Take Time An honest account of fractional CO₂ laser: who may suit it, how preparation shapes safety, what recovery involves and why remodelling takes time. 5 min read · Article 07 Read article →",200,follow,contextual
https://francielesofiati.com/en/blog,https://francielesofiati.com/en/blog/collagen-remodeling,"Laser & Technology 09 Collagen Takes Time: Understanding Ultrasound and Radiofrequency Without Expecting a Facelift How ultrasound and radiofrequency differ, where gradual collagen support can help, and why neither should be framed as a non-surgical facelift. 5 min read · Article 09 Read article →",200,follow,contextual
https://francielesofiati.com/en/blog,https://francielesofiati.com/en/blog/laser-hair-removal,"Laser & Technology 08 Laser Hair Removal Is a Process, Not a Single Appointment Why the hair cycle makes laser reduction a series, how preparation protects skin, and why maintenance and hormonal context matter. 5 min read · Article 08 Read article →",200,follow,contextual
https://francielesofiati.com/en/blog,https://francielesofiati.com/en/blog/hair-thinning,"10 · Hair & Scalp Hair Thinning Needs a Cause Before It Needs a Procedure Shedding, thinning and breakage need different answers. A cause-led guide to scalp assessment, referral and realistic procedural support. 6 min read · Article 10 Read article →",200,follow,contextual
https://francielesofiati.com/en/blog,https://francielesofiati.com/en/blog/sun-protection-that-fits-real-life,"Skin health 11 Sun protection that fits real life A practical, considered guide to sun protection that fits real life, including what to assess before choosing professional care in Londrina. Educational reading · Article 11 Read the article →",200,follow,contextual
https://francielesofiati.com/en/blog,https://francielesofiati.com/en/blog/when-an-overworked-skin-barrier-needs-a-pause,"Skin health 12 When an overworked skin barrier needs a pause A practical, considered guide to when an overworked skin barrier needs a pause, including what to assess before choosing professional care in Londrina. Educational reading · Article 12 Read the article →",200,follow,contextual
https://francielesofiati.com/en/blog,https://francielesofiati.com/en/blog/acids-in-a-skincare-routine-order-tolerance-and-care,"Skin health 13 Acids in a skincare routine: order, tolerance and care A practical, considered guide to acids in a skincare routine: order, tolerance and care, including what to assess before choosing professional care in Londrina. Educational reading · Article 13 Read the article →",200,follow,contextual
https://francielesofiati.com/en/blog,https://francielesofiati.com/en/blog/daily-cleansing-removing-what-is-needed-preserving-what-matters,"Skin health 14 Daily cleansing: removing what is needed, preserving what matters A practical, considered guide to daily cleansing: removing what is needed, preserving what matters, including what to assess before choosing professional care in Londrina. Educational reading · Article 14 Read the article →",200,follow,contextual
https://francielesofiati.com/en/blog,https://francielesofiati.com/en/blog/make-up-and-sensitive-skin-what-to-notice-without-blaming-products,"Skin health 15 Make-up and sensitive skin: what to notice without blaming products A practical, considered guide to make-up and sensitive skin: what to notice without blaming products, including what to assess before choosing professional care in Londrina. Educational reading · Article 15 Read the article →",200,follow,contextual
https://francielesofiati.com/en/blog,https://francielesofiati.com/en/blog/pores-and-texture-why-there-is-no-permanent-closing-solution,"Texture and scars 16 Pores and texture: why there is no permanent ‘closing’ solution A practical, considered guide to pores and texture: why there is no permanent ‘closing’ solution, including what to assess before choosing professional care in Londrina. Educational reading · Article 16 Read the article →",200,follow,contextual
https://francielesofiati.com/en/blog,https://francielesofiati.com/en/blog/blackheads-and-extraction-when-persistence-at-home-can-harm-the-skin,"Skin health 17 Blackheads and extraction: when persistence at home can harm the skin A practical, considered guide to blackheads and extraction: when persistence at home can harm the skin, including what to assess before choosing professional care in Londrina. Educational reading · Article 17 Read the article →",200,follow,contextual
https://francielesofiati.com/en/blog,https://francielesofiati.com/en/blog/active-acne-before-texture-why-the-order-of-care-matters,"Texture and scars 18 Active acne before texture: why the order of care matters A practical, considered guide to active acne before texture: why the order of care matters, including what to assess before choosing professional care in Londrina. Educational reading · Article 18 Read the article →",200,follow,contextual
https://francielesofiati.com/en/blog,https://francielesofiati.com/en/blog/post-acne-marks-and-scars-two-different-skin-stories,"Texture and scars 19 Post-acne marks and scars: two different skin stories A practical, considered guide to post-acne marks and scars: two different skin stories, including what to assess before choosing professional care in Londrina. Educational reading · Article 19 Read the article →",200,follow,contextual
https://francielesofiati.com/en/blog,https://francielesofiati.com/en/blog/persistent-redness-when-to-observe-and-when-to-investigate,"Skin health 20 Persistent redness: when to observe and when to investigate A practical, considered guide to persistent redness: when to observe and when to investigate, including what to assess before choosing professional care in Londrina. Educational reading · Article 20 Read the article →",200,follow,contextual
https://francielesofiati.com/en/blog,https://francielesofiati.com/en/blog/melasma-heat-and-light-looking-beyond-direct-sun-exposure,"Pigmentation 21 Melasma, heat and light: looking beyond direct sun exposure A practical, considered guide to melasma, heat and light: looking beyond direct sun exposure, including what to assess before choosing professional care in Londrina. Educational reading · Article 21 Read the article →",200,follow,contextual
https://francielesofiati.com/en/blog,https://francielesofiati.com/en/blog/post-inflammatory-pigmentation-why-the-cause-belongs-in-the-plan,"Pigmentation 22 Post-inflammatory pigmentation: why the cause belongs in the plan A practical, considered guide to post-inflammatory pigmentation: why the cause belongs in the plan, including what to assess before choosing professional care in Londrina. Educational reading · Article 22 Read the article →",200,follow,contextual
https://francielesofiati.com/en/blog,https://francielesofiati.com/en/blog/skin-during-pregnancy-safer-questions-before-changing-a-routine,"Skin health 23 Skin during pregnancy: safer questions before changing a routine A practical, considered guide to skin during pregnancy: safer questions before changing a routine, including what to assess before choosing professional care in Londrina. Educational reading · Article 23 Read the article →",200,follow,contextual
https://francielesofiati.com/en/blog,https://francielesofiati.com/en/blog/at-home-peels-why-concentration-without-context-can-be-costly,"Skin renewal 24 At-home peels: why concentration without context can be costly A practical, considered guide to at-home peels: why concentration without context can be costly, including what to assess before choosing professional care in Londrina. Educational reading · Article 24 Read the article →",200,follow,contextual
https://francielesofiati.com/en/blog,https://francielesofiati.com/en/blog/physical-exfoliation-when-feeling-the-grains-stops-being-renewal,"Skin renewal 25 Physical exfoliation: when feeling the grains stops being renewal A practical, considered guide to physical exfoliation: when feeling the grains stops being renewal, including what to assess before choosing professional care in Londrina. Educational reading · Article 25 Read the article →",200,follow,contextual
https://francielesofiati.com/en/blog,https://francielesofiati.com/en/blog/microdermabrasion-realistic-goals-for-surface-renewal,"Skin renewal 26 Microdermabrasion: realistic goals for surface renewal A practical, considered guide to microdermabrasion: realistic goals for surface renewal, including what to assess before choosing professional care in Londrina. Educational reading · Article 26 Read the article →",200,follow,contextual
https://francielesofiati.com/en/blog,https://francielesofiati.com/en/blog/diamond-tip-exfoliation-what-to-assess-before-seeking-instant-effects,"Skin renewal 27 Diamond-tip exfoliation: what to assess before seeking instant effects A practical, considered guide to diamond-tip exfoliation: what to assess before seeking instant effects, including what to assess before choosing professional care in Londrina. Educational reading · Article 27 Read the article →",200,follow,contextual
https://francielesofiati.com/en/blog,https://francielesofiati.com/en/blog/ultrasonic-exfoliation-where-it-can-fit-within-thoughtful-care,"Skin renewal 28 Ultrasonic exfoliation: where it can fit within thoughtful care A practical, considered guide to ultrasonic exfoliation: where it can fit within thoughtful care, including what to assess before choosing professional care in Londrina. Educational reading · Article 28 Read the article →",200,follow,contextual
https://francielesofiati.com/en/blog,https://francielesofiati.com/en/blog/retinoic-peels-recovery-planning-starts-before-application,"Skin renewal 29 Retinoic peels: recovery planning starts before application A practical, considered guide to retinoic peels: recovery planning starts before application, including what to assess before choosing professional care in Londrina. Educational reading · Article 29 Read the article →",200,follow,contextual
https://francielesofiati.com/en/blog,https://francielesofiati.com/en/blog/jessner-peels-indication-and-caution-before-chasing-peeling,"Skin renewal 30 Jessner peels: indication and caution before chasing peeling A practical, considered guide to jessner peels: indication and caution before chasing peeling, including what to assess before choosing professional care in Londrina. Educational reading · Article 30 Read the article →",200,follow,contextual
https://francielesofiati.com/en/blog,https://francielesofiati.com/en/blog/laser-and-tanned-skin-why-waiting-can-be-the-safer-choice,"Laser and technology 31 Laser and tanned skin: why waiting can be the safer choice A practical, considered guide to laser and tanned skin: why waiting can be the safer choice, including what to assess before choosing professional care in Londrina. Educational reading · Article 31 Read the article →",200,follow,contextual
https://francielesofiati.com/en/blog,https://francielesofiati.com/en/blog/facial-laser-hair-removal-why-hormonal-context-belongs-in-the-conversation,"Laser and technology 32 Facial laser hair removal: why hormonal context belongs in the conversation A practical, considered guide to facial laser hair removal: why hormonal context belongs in the conversation, including what to assess before choosing professional care in Londrina. Educational reading · Article 32 Read the article →",200,follow,contextual
https://francielesofiati.com/en/blog,https://francielesofiati.com/en/blog/laser-hair-removal-intervals-what-the-hair-cycle-explains,"Laser and technology 33 Laser hair removal intervals: what the hair cycle explains A practical, considered guide to laser hair removal intervals: what the hair cycle explains, including what to assess before choosing professional care in Londrina. Educational reading · Article 33 Read the article →",200,follow,contextual
https://francielesofiati.com/en/blog,https://francielesofiati.com/en/blog/co2-laser-and-important-events-planning-without-someone-elses-calendar,"Laser and recovery 34 CO₂ laser and important events: planning without someone else’s calendar A practical, considered guide to co₂ laser and important events: planning without someone else’s calendar, including what to assess before choosing professional care in Londrina. Educational reading · Article 34 Read the article →",200,follow,contextual
https://francielesofiati.com/en/blog,https://francielesofiati.com/en/blog/after-co2-laser-sun-protection-is-recovery-not-an-afterthought,"Laser and recovery 35 After CO₂ laser: sun protection is recovery, not an afterthought A practical, considered guide to after co₂ laser: sun protection is recovery, not an afterthought, including what to assess before choosing professional care in Londrina. Educational reading · Article 35 Read the article →",200,follow,contextual
https://francielesofiati.com/en/blog,https://francielesofiati.com/en/blog/laser-and-acne-scars-why-a-technology-name-does-not-decide-suitability,"Texture and scars 36 Laser and acne scars: why a technology name does not decide suitability A practical, considered guide to laser and acne scars: why a technology name does not decide suitability, including what to assess before choosing professional care in Londrina. Educational reading · Article 36 Read the article →",200,follow,contextual
https://francielesofiati.com/en/blog,https://francielesofiati.com/en/blog/intense-pulsed-light-why-skin-goals-and-season-all-matter,"Laser and technology 37 Intense pulsed light: why skin, goals and season all matter A practical, considered guide to intense pulsed light: why skin, goals and season all matter, including what to assess before choosing professional care in Londrina. Educational reading · Article 37 Read the article →",200,follow,contextual
https://francielesofiati.com/en/blog,https://francielesofiati.com/en/blog/radiofrequency-and-collagen-why-time-belongs-in-the-expectation,"Laser and technology 38 Radiofrequency and collagen: why time belongs in the expectation A practical, considered guide to radiofrequency and collagen: why time belongs in the expectation, including what to assess before choosing professional care in Londrina. Educational reading · Article 38 Read the article →",200,follow,contextual
https://francielesofiati.com/en/blog,https://francielesofiati.com/en/blog/ultraformer-mpt-clear-goals-before-talking-about-lifting,"Laser and technology 39 Ultraformer MPT: clear goals before talking about lifting A practical, considered guide to ultraformer mpt: clear goals before talking about lifting, including what to assess before choosing professional care in Londrina. Educational reading · Article 39 Read the article →",200,follow,contextual
https://francielesofiati.com/en/blog,https://francielesofiati.com/en/blog/plasma-technology-why-assessment-and-aftercare-cannot-be-shortcuts,"Laser and technology 40 Plasma technology: why assessment and aftercare cannot be shortcuts A practical, considered guide to plasma technology: why assessment and aftercare cannot be shortcuts, including what to assess before choosing professional care in Londrina. Educational reading · Article 40 Read the article →",200,follow,contextual
https://francielesofiati.com/en/blog,https://francielesofiati.com/en/blog/visible-small-vessels-appearance-symptoms-and-assessment-are-not-the-same,"Vessels and circulation 41 Visible small vessels: appearance, symptoms and assessment are not the same A practical, considered guide to visible small vessels: appearance, symptoms and assessment are not the same, including what to assess before choosing professional care in Londrina. Educational reading · Article 41 Read the article →",200,follow,contextual
https://francielesofiati.com/en/blog,https://francielesofiati.com/en/blog/peim-information-that-matters-before-treating-small-vessels,"Vessels and circulation 42 PEIM: information that matters before treating small vessels A practical, considered guide to peim: information that matters before treating small vessels, including what to assess before choosing professional care in Londrina. Educational reading · Article 42 Read the article →",200,follow,contextual
https://francielesofiati.com/en/blog,https://francielesofiati.com/en/blog/a-first-botulinum-toxin-consultation-movement-priorities-and-limits,"Facial planning 43 A first botulinum toxin consultation: movement, priorities and limits A practical, considered guide to a first botulinum toxin consultation: movement, priorities and limits, including what to assess before choosing professional care in Londrina. Educational reading · Article 43 Read the article →",200,follow,contextual
https://francielesofiati.com/en/blog,https://francielesofiati.com/en/blog/botulinum-toxin-and-asymmetry-observation-is-not-a-promise-of-perfection,"Facial planning 44 Botulinum toxin and asymmetry: observation is not a promise of perfection A practical, considered guide to botulinum toxin and asymmetry: observation is not a promise of perfection, including what to assess before choosing professional care in Londrina. Educational reading · Article 44 Read the article →",200,follow,contextual
https://francielesofiati.com/en/blog,https://francielesofiati.com/en/blog/the-lower-face-a-careful-conversation-about-movement-and-contour,"Facial planning 45 The lower face: a careful conversation about movement and contour A practical, considered guide to the lower face: a careful conversation about movement and contour, including what to assess before choosing professional care in Londrina. Educational reading · Article 45 Read the article →",200,follow,contextual
https://francielesofiati.com/en/blog,https://francielesofiati.com/en/blog/natural-looking-facial-planning-proportion-not-trend,"Facial planning 46 Natural-looking facial planning: proportion, not trend A practical, considered guide to natural-looking facial planning: proportion, not trend, including what to assess before choosing professional care in Londrina. Educational reading · Article 46 Read the article →",200,follow,contextual
https://francielesofiati.com/en/blog,https://francielesofiati.com/en/blog/microneedling-and-pigmentation-why-risk-changes-the-indication,"Texture and scars 47 Microneedling and pigmentation: why risk changes the indication A practical, considered guide to microneedling and pigmentation: why risk changes the indication, including what to assess before choosing professional care in Londrina. Educational reading · Article 47 Read the article →",200,follow,contextual
https://francielesofiati.com/en/blog,https://francielesofiati.com/en/blog/microneedling-with-inflamed-acne-why-a-pause-may-be-part-of-care,"Texture and scars 48 Microneedling with inflamed acne: why a pause may be part of care A practical, considered guide to microneedling with inflamed acne: why a pause may be part of care, including what to assess before choosing professional care in Londrina. Educational reading · Article 48 Read the article →",200,follow,contextual
https://francielesofiati.com/en/blog,https://francielesofiati.com/en/blog/hair-shedding-warning-signs-before-choosing-a-protocol,"Hair and scalp 49 Hair shedding: warning signs before choosing a protocol A practical, considered guide to hair shedding: warning signs before choosing a protocol, including what to assess before choosing professional care in Londrina. Educational reading · Article 49 Read the article →",200,follow,contextual
https://francielesofiati.com/en/blog,https://francielesofiati.com/en/blog/hair-thinning-and-photographs-documenting-change-without-rushing-to-conclusions,"Hair and scalp 50 Hair thinning and photographs: documenting change without rushing to conclusions A practical, considered guide to hair thinning and photographs: documenting change without rushing to conclusions, including what to assess before choosing professional care in Londrina. Educational reading · Article 50 Read the article →",200,follow,contextual
https://francielesofiati.com/en/blog,https://francielesofiati.com/en/blog/mmp-for-the-scalp-questions-that-come-before-the-technique,"Hair and scalp 51 MMP for the scalp: questions that come before the technique A practical, considered guide to mmp for the scalp: questions that come before the technique, including what to assess before choosing professional care in Londrina. Educational reading · Article 51 Read the article →",200,follow,contextual
https://francielesofiati.com/en/blog,https://francielesofiati.com/en/blog/scalp-mesotherapy-why-a-protocol-is-not-a-universal-treatment,"Hair and scalp 52 Scalp mesotherapy: why a protocol is not a universal treatment A practical, considered guide to scalp mesotherapy: why a protocol is not a universal treatment, including what to assess before choosing professional care in Londrina. Educational reading · Article 52 Read the article →",200,follow,contextual
https://francielesofiati.com/en/blog,https://francielesofiati.com/en/blog/how-to-prepare-for-an-aesthetic-consultation-without-deciding-everything-first,"Consultation and care 53 How to prepare for an aesthetic consultation without deciding everything first A practical, considered guide to how to prepare for an aesthetic consultation without deciding everything first, including what to assess before choosing professional care in Londrina. Educational reading · Article 53 Read the article →",200,follow,contextual
https://francielesofiati.com/en/blog,https://francielesofiati.com/en/blog/useful-questions-to-ask-before-an-aesthetic-procedure,"Consultation and care 54 Useful questions to ask before an aesthetic procedure A practical, considered guide to useful questions to ask before an aesthetic procedure, including what to assess before choosing professional care in Londrina. Educational reading · Article 54 Read the article →",200,follow,contextual
https://francielesofiati.com/en/blog,https://francielesofiati.com/en/blog/after-a-procedure-signs-that-call-for-contact-not-online-remedies,"Recovery and safety 55 After a procedure: signs that call for contact, not online remedies A practical, considered guide to after a procedure: signs that call for contact, not online remedies, including what to assess before choosing professional care in Londrina. Educational reading · Article 55 Read the article →",200,follow,contextual
https://francielesofiati.com/en/blog,https://francielesofiati.com/en/blog/sun-exposure-and-skin-recovery-why-recent-exposure-changes-more-than-a-tan,"Recovery and safety 56 Sun exposure and skin recovery: why recent exposure changes more than a tan A practical, considered guide to sun exposure and skin recovery: why recent exposure changes more than a tan, including what to assess before choosing professional care in Londrina. Educational reading · Article 56 Read the article →",200,follow,contextual
https://francielesofiati.com/en/blog,https://francielesofiati.com/en/blog/before-and-after-photographs-curiosity-without-turning-an-image-into-a-promise,"Consultation and care 57 Before-and-after photographs: curiosity without turning an image into a promise A practical, considered guide to before-and-after photographs: curiosity without turning an image into a promise, including what to assess before choosing professional care in Londrina. Educational reading · Article 57 Read the article →",200,follow,contextual
https://francielesofiati.com/en/blog,https://francielesofiati.com/en/blog/privacy-in-aesthetic-care-why-consent-remains-central,"Consultation and care 58 Privacy in aesthetic care: why consent remains central A practical, considered guide to privacy in aesthetic care: why consent remains central, including what to assess before choosing professional care in Londrina. Educational reading · Article 58 Read the article →",200,follow,contextual
https://francielesofiati.com/en/blog,https://francielesofiati.com/en/blog/a-minimal-routine-for-overwhelmed-skin-why-simplifying-can-be-progress,"Skin health 59 A minimal routine for overwhelmed skin: why simplifying can be progress A practical, considered guide to a minimal routine for overwhelmed skin: why simplifying can be progress, including what to assess before choosing professional care in Londrina. Educational reading · Article 59 Read the article →",200,follow,contextual
https://francielesofiati.com/en/blog,https://francielesofiati.com/en/blog/biological-time-and-expectations-aesthetic-care-is-not-express-delivery,"Consultation and care 60 Biological time and expectations: aesthetic care is not express delivery A practical, considered guide to biological time and expectations: aesthetic care is not express delivery, including what to assess before choosing professional care in Londrina. Educational reading · Article 60 Read the article →",200,follow,contextual
https://francielesofiati.com/en/blog,https://francielesofiati.com/en/consultation,Consult,200,follow,contextual
https://francielesofiati.com/en/blog,https://francielesofiati.com/en/treatments,View treatments →,200,follow,contextual
https://francielesofiati.com/blog,https://francielesofiati.com,Início,200,follow,breadcrumb
https://francielesofiati.com/blog,https://francielesofiati.com/blog/botox-londrina-guia-completo,"Artigo principal · Toxina botulínica Artigo principal 01 Botox em Londrina: guia completo sobre toxina botulínica Resultados, cuidados, indicação, segurança e naturalidade explicados a partir da avaliação do seu rosto e da sua expressão. Por Franciele Sofiati · 4 de setembro de 2026 Leia o artigo principal →",200,follow,contextual
https://francielesofiati.com/blog,https://francielesofiati.com/blog/frugal-chic-escolhas-conscientes,"Escolhas conscientes 02 Frugal Chic : a arte de investir em cuidados estéticos sem exagerar Uma filosofia de cuidado com propósito: menos excessos, mais clareza, segurança e escolhas que respeitam a sua rotina. 6 min de leitura · Artigo 02 Leia o artigo →",200,follow,contextual
https://francielesofiati.com/blog,https://francielesofiati.com/blog/why-aesthetic-care-begins-with-consultation,"Consulta e cuidado 02 Antes do tratamento: por que o cuidado estético consciente começa com uma consulta Um bom plano começa antes da escolha de um aparelho: com histórico, prioridades, indicação e expectativas realistas. 6 min de leitura · Artigo 02 Leia o artigo →",200,follow,contextual
https://francielesofiati.com/blog,https://francielesofiati.com/blog/rebuilding-an-overwhelmed-skin-barrier,"Consulta e cuidado 03 Quando mais não é melhor: como recuperar uma barreira cutânea sobrecarregada Como reconhecer uma barreira cutânea sobrecarregada, simplificar uma rotina excessiva e restaurar a tolerância antes de acrescentar ativos ou procedimentos. 6 min de leitura · Artigo 03 Leia o artigo →",200,follow,contextual
https://francielesofiati.com/blog,https://francielesofiati.com/blog/professional-skin-cleansing-guide,"Consulta e cuidado 02 Um ponto de partida mais claro: o que a limpeza de pele profissional pode — e não pode — fazer O que uma limpeza profissional cuidadosa pode esclarecer, quais obstruções podem ser tratadas com segurança e por que mais pressão nunca significa melhor cuidado. 6 min de leitura · Artigo 02 Leia o artigo →",200,follow,contextual
https://francielesofiati.com/blog,https://francielesofiati.com/blog/understanding-facial-pigmentation,"Saúde da pele 04 Tom irregular não é uma única condição: uma conversa mais cuidadosa sobre pigmentação A pigmentação tem padrões, gatilhos e memória. Entenda por que a cor precisa ser avaliada antes de escolher como — ou se — deve ser tratada. 6 min de leitura · Artigo 04 Leia o artigo →",200,follow,contextual
https://francielesofiati.com/blog,https://francielesofiati.com/blog/understanding-acne-scar-treatment,"Saúde da pele 06 Nem toda cicatriz de acne é igual: por que a textura exige um plano de tratamento em camadas Cicatrizes de acne variam em profundidade, formato e cor. Entenda por que a textura costuma exigir um tratamento gradual e em camadas, não um único aparelho universal. 6 min de leitura · Artigo 06 Leia o artigo →",200,follow,contextual
https://francielesofiati.com/blog,https://francielesofiati.com/blog/persistent-facial-redness-and-vessels,"Laser e tecnologia 05 Além da “pele sensível”: entendendo a vermelhidão persistente e os vasos faciais visíveis Vermelhidão persistente não é um único diagnóstico. Um guia cuidadoso sobre vasos, inflamação, laser e luz — e sobre quando a avaliação médica deve vir primeiro. 5 min de leitura · Artigo 05 Leia o artigo →",200,follow,contextual
https://francielesofiati.com/blog,https://francielesofiati.com/blog/fractional-co2-laser-recovery-and-aftercare,"Laser e tecnologia 07 Laser de CO₂ fracionado sem exageros: preparação, recuperação e resultados que levam tempo Uma visão honesta do laser de CO₂ fracionado: para quem ele pode ser indicado, como a preparação contribui para a segurança, o que a recuperação envolve e por que a remodelação leva tempo. 5 min de leitura · Artigo 07 Leia o artigo →",200,follow,contextual
https://francielesofiati.com/blog,https://francielesofiati.com/blog/ultrasound-radiofrequency-collagen-treatment,"Laser e tecnologia 09 O colágeno leva tempo: entendendo ultrassom e radiofrequência sem esperar um lifting Como ultrassom e radiofrequência diferem, onde o estímulo gradual de colágeno pode ajudar e por que nenhum dos dois deve ser apresentado como um lifting sem cirurgia. 5 min de leitura · Artigo 09 Leia o artigo →",200,follow,contextual
https://francielesofiati.com/blog,https://francielesofiati.com/blog/laser-hair-removal-process-and-maintenance,"Laser e tecnologia 08 Depilação a laser é um processo, não um único atendimento Por que o ciclo dos pelos torna a redução a laser uma série, como a preparação protege a pele e por que a manutenção e o contexto hormonal importam. 5 min de leitura · Artigo 08 Leia o artigo →",200,follow,contextual
https://francielesofiati.com/blog,https://francielesofiati.com/blog/hair-thinning-causes-and-scalp-care,"10 · Cabelo e couro cabeludo O afinamento capilar precisa de uma causa antes de precisar de um procedimento Queda, afinamento e quebra exigem respostas diferentes. Um guia orientado pela causa sobre avaliação do couro cabeludo, encaminhamento e apoio realista de procedimentos. 6 min de leitura · Artigo 10 Leia o artigo →",200,follow,contextual
https://francielesofiati.com/blog,https://francielesofiati.com/blog/fotoprotecao-que-cabe-na-rotina,"Saúde da pele 11 Fotoproteção que cabe na rotina: como transformar intenção em hábito Proteção solar depende de contexto, reaplicação possível e uma rotina que você realmente consiga manter. Leitura orientativa · Artigo 11 Leia o artigo →",200,follow,contextual
https://francielesofiati.com/blog,https://francielesofiati.com/blog/barreira-cutanea-sinais-de-sobrecarga,"Saúde da pele 12 Barreira cutânea sobrecarregada: sinais para pausar antes de acrescentar ativos Ardor, repuxamento e descamação merecem contexto antes de trocar ou somar produtos. Leitura orientativa · Artigo 12 Leia o artigo →",200,follow,contextual
https://francielesofiati.com/blog,https://francielesofiati.com/blog/acidos-na-rotina-ordem-e-cautela,Saúde da pele 13 Ácidos na rotina: por que ordem e tolerância importam mais que tendência Entenda por que combinar ativos sem orientação pode aumentar irritação e manchas. Leitura orientativa · Artigo 13 Leia o artigo →,200,follow,contextual
https://francielesofiati.com/blog,https://francielesofiati.com/blog/limpeza-de-pele-e-barreira,Saúde da pele 14 Limpeza de pele diária: o equilíbrio entre remover e preservar Higienização demais também pode comprometer conforto e tolerância da pele. Leitura orientativa · Artigo 14 Leia o artigo →,200,follow,contextual
https://francielesofiati.com/blog,https://francielesofiati.com/blog/maquiagem-e-pele-sensivel,Saúde da pele 15 Maquiagem e pele sensível: o que observar sem transformar produtos em vilões Uma rotina de remoção e observação ajuda a conversar sobre desconforto com mais clareza. Leitura orientativa · Artigo 15 Leia o artigo →,200,follow,contextual
https://francielesofiati.com/blog,https://francielesofiati.com/blog/poros-textura-e-expectativas,"Textura e cicatrizes 16 Poros e textura: por que a aparência varia e não existe ‘fechamento’ permanente Iluminação, oleosidade e textura mudam a percepção dos poros; o plano precisa ser honesto. Leitura orientativa · Artigo 16 Leia o artigo →",200,follow,contextual
https://francielesofiati.com/blog,https://francielesofiati.com/blog/cravos-e-extracao-segura,Saúde da pele 17 Cravos e extração: quando insistir em casa pode piorar a pele Entenda limites da manipulação e por que a técnica importa para proteger a barreira cutânea. Leitura orientativa · Artigo 17 Leia o artigo →,200,follow,contextual
https://francielesofiati.com/blog,https://francielesofiati.com/blog/acne-ativa-prioridade-antes-da-textura,Textura e cicatrizes 18 Acne ativa antes da textura: por que a ordem do cuidado muda o plano Cicatriz e acne inflamada exigem perguntas diferentes; controlar atividade pode vir primeiro. Leitura orientativa · Artigo 18 Leia o artigo →,200,follow,contextual
https://francielesofiati.com/blog,https://francielesofiati.com/blog/marcas-pos-acne-e-cicatrizes,"Textura e cicatrizes 19 Marcas pós-acne e cicatrizes: duas histórias que a pele não conta do mesmo jeito Cor e relevo respondem a mecanismos diferentes, por isso precisam de expectativas diferentes. Leitura orientativa · Artigo 19 Leia o artigo →",200,follow,contextual
https://francielesofiati.com/blog,https://francielesofiati.com/blog/vermelhidao-persistente-quando-investigar,"Saúde da pele 20 Vermelhidão persistente: quando observar e quando investigar Calor, ardor e vasos aparentes podem ter origens distintas e não devem receber um rótulo rápido. Leitura orientativa · Artigo 20 Leia o artigo →",200,follow,contextual
https://francielesofiati.com/blog,https://francielesofiati.com/blog/melasma-calor-luz-e-rotina,"Pigmentação 21 Melasma, calor e luz: por que a rotina precisa olhar além do sol direto Pigmentação pode ser influenciada por exposição e inflamação; consistência é mais útil que promessas. Leitura orientativa · Artigo 21 Leia o artigo →",200,follow,contextual
https://francielesofiati.com/blog,https://francielesofiati.com/blog/mancha-pos-inflamatoria-o-que-muda,"Pigmentação 22 Mancha pós-inflamatória: por que tratar a causa também faz parte do plano Irritação, acne e trauma podem deixar cor residual; evitar novas agressões é parte do cuidado. Leitura orientativa · Artigo 22 Leia o artigo →",200,follow,contextual
https://francielesofiati.com/blog,https://francielesofiati.com/blog/pele-e-gravidez-perguntas-seguras,Saúde da pele 23 Pele na gestação: perguntas seguras antes de alterar a rotina Mudanças hormonais podem mexer com pigmentação e sensibilidade; a conversa precisa incluir contexto de saúde. Leitura orientativa · Artigo 23 Leia o artigo →,200,follow,contextual
https://francielesofiati.com/blog,https://francielesofiati.com/blog/peeling-caseiro-risco-e-contexto,"Renovação da pele 24 Peeling caseiro: por que concentração sem contexto pode custar caro à pele A mesma substância pode ter efeitos muito diferentes conforme veículo, pele, área e preparo. Leitura orientativa · Artigo 24 Leia o artigo →",200,follow,contextual
https://francielesofiati.com/blog,https://francielesofiati.com/blog/esfoliacao-fisica-quando-menos-ajuda,Renovação da pele 25 Esfoliação física: quando ‘sentir os grãos’ deixa de ser sinal de renovação Fricção pode ser desconfortável para algumas peles e não mede a qualidade de uma rotina. Leitura orientativa · Artigo 25 Leia o artigo →,200,follow,contextual
https://francielesofiati.com/blog,https://francielesofiati.com/blog/microdermoabrasao-objetivos-realistas,"Renovação da pele 26 Microdermoabrasão: objetivos realistas para uma renovação superficial A técnica pode ter espaço em planos selecionados, sem prometer corrigir toda alteração de textura. Leitura orientativa · Artigo 26 Leia o artigo →",200,follow,contextual
https://francielesofiati.com/blog,https://francielesofiati.com/blog/peeling-de-diamante-o-que-avaliar,"Renovação da pele 27 Peeling de diamante: o que avaliar antes de buscar efeito imediato A escolha de uma renovação mecânica deve considerar sensibilidade, objetivo e recuperação. Leitura orientativa · Artigo 27 Leia o artigo →",200,follow,contextual
https://francielesofiati.com/blog,https://francielesofiati.com/blog/peeling-ultrassonico-em-uma-rotina,Renovação da pele 28 Peeling ultrassônico: onde ele pode entrar em uma rotina de cuidado Tecnologia não substitui diagnóstico; ela ganha sentido quando há uma queixa e uma pele avaliadas. Leitura orientativa · Artigo 28 Leia o artigo →,200,follow,contextual
https://francielesofiati.com/blog,https://francielesofiati.com/blog/peeling-retinoico-recuperacao-planejada,"Renovação da pele 29 Peeling retinoico: recuperação planejada começa antes da aplicação Descamação e sensibilidade variam; informar produtos, sol e compromissos evita decisões apressadas. Leitura orientativa · Artigo 29 Leia o artigo →",200,follow,contextual
https://francielesofiati.com/blog,https://francielesofiati.com/blog/peeling-de-jessner-cautela-e-indicacao,Renovação da pele 30 Peeling de Jessner: indicação e cautela antes de buscar descamação A experiência não é igual para todas as pessoas; preparo e pigmentação influenciam a decisão. Leitura orientativa · Artigo 30 Leia o artigo →,200,follow,contextual
https://francielesofiati.com/blog,https://francielesofiati.com/blog/laser-e-pele-bronzeada,Laser e tecnologia 31 Laser e pele bronzeada: por que esperar pode ser uma escolha de segurança Exposição solar recente pode mudar a indicação e aumentar o risco de resposta irregular. Leitura orientativa · Artigo 31 Leia o artigo →,200,follow,contextual
https://francielesofiati.com/blog,https://francielesofiati.com/blog/depilacao-laser-rosto-e-hormonios,Laser e tecnologia 32 Depilação a laser no rosto: por que contexto hormonal entra na conversa Pelos faciais podem ter comportamento particular; histórico e expectativa ajudam a planejar com honestidade. Leitura orientativa · Artigo 32 Leia o artigo →,200,follow,contextual
https://francielesofiati.com/blog,https://francielesofiati.com/blog/depilacao-laser-intervalos-e-ciclo,Laser e tecnologia 33 Intervalos na depilação a laser: o que o ciclo do pelo explica Sessões não são repetidas por ansiedade; o tempo entre elas conversa com biologia e segurança. Leitura orientativa · Artigo 33 Leia o artigo →,200,follow,contextual
https://francielesofiati.com/blog,https://francielesofiati.com/blog/laser-co2-e-eventos-importantes,"Laser e recuperação 34 Laser CO₂ e eventos importantes: como planejar sem depender de calendário alheio A recuperação tem variabilidade; compromissos, sol e tolerância precisam estar na conversa antes. Leitura orientativa · Artigo 34 Leia o artigo →",200,follow,contextual
https://francielesofiati.com/blog,https://francielesofiati.com/blog/laser-co2-e-fotoprotecao-pos,"Laser e recuperação 35 Depois do laser CO₂: fotoproteção como parte da recuperação, não como detalhe Pele em recuperação pede condutas simples e específicas, especialmente em relação a luz e calor. Leitura orientativa · Artigo 35 Leia o artigo →",200,follow,contextual
https://francielesofiati.com/blog,https://francielesofiati.com/blog/laser-e-cicatrizes-de-acne,"Textura e cicatrizes 36 Laser e cicatrizes de acne: por que o nome da tecnologia não resolve a indicação Textura, cor, atividade da acne e risco de manchas definem perguntas antes de qualquer aparelho. Leitura orientativa · Artigo 36 Leia o artigo →",200,follow,contextual
https://francielesofiati.com/blog,https://francielesofiati.com/blog/luz-intensa-pulsada-e-avaliacao,"Laser e tecnologia 37 Luz intensa pulsada: por que pele, objetivo e época do ano importam Luz e laser não são sinônimos; a escolha depende de alvo, pele e possibilidade de cuidado posterior. Leitura orientativa · Artigo 37 Leia o artigo →",200,follow,contextual
https://francielesofiati.com/blog,https://francielesofiati.com/blog/radiofrequencia-e-colageno-tempo,Laser e tecnologia 38 Radiofrequência e colágeno: por que o tempo é parte da expectativa Estímulos graduais não devem ser apresentados como transformação instantânea; o plano considera resposta e etapas. Leitura orientativa · Artigo 38 Leia o artigo →,200,follow,contextual
https://francielesofiati.com/blog,https://francielesofiati.com/blog/ultraformer-mpt-e-objetivos,"Laser e tecnologia 39 Ultraformer MPT: objetivos claros antes de falar em efeito lifting Ultrassom microfocado é uma tecnologia, não uma promessa única; anatomia e expectativa orientam a conversa. Leitura orientativa · Artigo 39 Leia o artigo →",200,follow,contextual
https://francielesofiati.com/blog,https://francielesofiati.com/blog/tecnologia-de-plasma-antes-de-decidir,Laser e tecnologia 40 Tecnologia de plasma: por que avaliação e pós-cuidado não podem ser atalhos A pele precisa estar em condições adequadas e a recuperação precisa caber na rotina antes da decisão. Leitura orientativa · Artigo 40 Leia o artigo →,200,follow,contextual
https://francielesofiati.com/blog,https://francielesofiati.com/blog/microvasos-queixas-e-avaliacao,"Vasos e circulação 41 Microvasos: por que aparência, sintomas e avaliação não são a mesma coisa Vasinhos estéticos podem coexistir com questões que pedem outra investigação; a conversa começa por isso. Leitura orientativa · Artigo 41 Leia o artigo →",200,follow,contextual
https://francielesofiati.com/blog,https://francielesofiati.com/blog/peim-o-que-informar-antes,"Vasos e circulação 42 PEIM: informações que fazem diferença antes de tratar microvasos Histórico, medicamentos, gestação e alterações circulatórias precisam entrar na consulta. Leitura orientativa · Artigo 42 Leia o artigo →",200,follow,contextual
https://francielesofiati.com/blog,https://francielesofiati.com/blog/toxina-botulinica-primeira-consulta,"Planejamento facial 43 Primeira consulta para toxina botulínica: movimento, prioridades e limites Uma conversa de qualidade observa expressão e objetivos antes de falar em pontos ou doses. Leitura orientativa · Artigo 43 Leia o artigo →",200,follow,contextual
https://francielesofiati.com/blog,https://francielesofiati.com/blog/toxina-botulinica-e-assimetrias,Planejamento facial 44 Toxina botulínica e assimetrias: por que observar não é prometer perfeição O rosto já possui diferenças naturais; a avaliação busca entender o que é possível e desejável suavizar. Leitura orientativa · Artigo 44 Leia o artigo →,200,follow,contextual
https://francielesofiati.com/blog,https://francielesofiati.com/blog/terco-inferior-da-face-conversa-cuidadosa,"Planejamento facial 45 Terço inferior da face: uma conversa cuidadosa sobre movimento e contorno Mandíbula, queixo, pescoço e expressão exigem leitura individual antes de qualquer plano. Leitura orientativa · Artigo 45 Leia o artigo →",200,follow,contextual
https://francielesofiati.com/blog,https://francielesofiati.com/blog/naturalidade-e-planejamento-facial,"Planejamento facial 46 Naturalidade no planejamento facial: uma escolha de proporção, não de tendência Uma estética coerente com a pessoa começa ao esclarecer o que ela deseja preservar. Leitura orientativa · Artigo 46 Leia o artigo →",200,follow,contextual
https://francielesofiati.com/blog,https://francielesofiati.com/blog/microagulhamento-e-manchas,Textura e cicatrizes 47 Microagulhamento e manchas: por que risco de pigmentação muda a indicação Procedimentos que estimulam a pele exigem atenção ao histórico de manchas e à recuperação. Leitura orientativa · Artigo 47 Leia o artigo →,200,follow,contextual
https://francielesofiati.com/blog,https://francielesofiati.com/blog/microagulhamento-e-acne-inflamada,Textura e cicatrizes 48 Microagulhamento com acne inflamada: por que a pausa pode ser parte do cuidado A integridade da pele e a atividade inflamatória são decisivas antes de qualquer estímulo. Leitura orientativa · Artigo 48 Leia o artigo →,200,follow,contextual
https://francielesofiati.com/blog,https://francielesofiati.com/blog/couros-cabeludo-e-queda-sinais-de-alerta,"Cabelo e couro cabeludo 49 Queda capilar: sinais de alerta antes de escolher um protocolo Queda súbita, áreas localizadas ou sintomas no couro cabeludo podem exigir investigação médica. Leitura orientativa · Artigo 49 Leia o artigo →",200,follow,contextual
https://francielesofiati.com/blog,https://francielesofiati.com/blog/afinamento-capilar-e-fotografias,"Cabelo e couro cabeludo 50 Afinamento capilar e fotografias: como registrar mudanças sem tirar conclusões rápidas Luz, penteado e ângulo alteram imagens; registros consistentes ajudam mais que comparações isoladas. Leitura orientativa · Artigo 50 Leia o artigo →",200,follow,contextual
https://francielesofiati.com/blog,https://francielesofiati.com/blog/mmp-couro-cabeludo-perguntas,"Cabelo e couro cabeludo 51 MMP no couro cabeludo: perguntas que vêm antes da técnica Microinfusão exige objetivo claro, pele íntegra e uma conversa responsável sobre causa e acompanhamento. Leitura orientativa · Artigo 51 Leia o artigo →",200,follow,contextual
https://francielesofiati.com/blog,https://francielesofiati.com/blog/mesoterapia-capilar-e-plano,"Cabelo e couro cabeludo 52 Mesoterapia capilar: por que protocolo não é sinônimo de tratamento universal Afinamento tem origens diferentes; plano, expectativa e acompanhamento precisam respeitar essa diferença. Leitura orientativa · Artigo 52 Leia o artigo →",200,follow,contextual
https://francielesofiati.com/blog,https://francielesofiati.com/blog/consulta-estetica-como-se-preparar,"Consulta e cuidado 53 Como se preparar para uma consulta estética sem precisar chegar com tudo decidido Histórico, rotina e prioridades ajudam mais que escolher um procedimento antes de ser avaliada. Leitura orientativa · Artigo 53 Leia o artigo →",200,follow,contextual
https://francielesofiati.com/blog,https://francielesofiati.com/blog/perguntas-antes-de-um-procedimento,"Consulta e cuidado 54 Perguntas que valem ser feitas antes de um procedimento estético Entender indicação, preparo, limites, recuperação e contato pós-procedimento fortalece uma decisão autônoma. Leitura orientativa · Artigo 54 Leia o artigo →",200,follow,contextual
https://francielesofiati.com/blog,https://francielesofiati.com/blog/pos-procedimento-sinais-para-contato,"Recuperação e segurança 55 Pós-procedimento: sinais que pedem contato, não busca por receita online Cada protocolo tem evolução própria, mas dor intensa, bolhas ou piora progressiva merecem orientação. Leitura orientativa · Artigo 55 Leia o artigo →",200,follow,contextual
https://francielesofiati.com/blog,https://francielesofiati.com/blog/sol-e-recuperacao-cutanea,Recuperação e segurança 56 Sol e recuperação cutânea: por que exposição recente muda mais do que o bronzeado Radiação e calor podem alterar tolerância e risco de manchas antes e depois de procedimentos. Leitura orientativa · Artigo 56 Leia o artigo →,200,follow,contextual
https://francielesofiati.com/blog,https://francielesofiati.com/blog/fotos-antes-depois-leitura-critica,"Consulta e cuidado 57 Fotos de antes e depois: como olhar com curiosidade sem transformar imagem em promessa Luz, ângulo, expressão, tempo e seleção de casos mudam a leitura de qualquer resultado. Leitura orientativa · Artigo 57 Leia o artigo →",200,follow,contextual
https://francielesofiati.com/blog,https://francielesofiati.com/blog/privacidade-em-tratamentos-esteticos,"Consulta e cuidado 58 Privacidade em tratamentos estéticos: por que consentimento continua sendo central Imagens, mensagens e informações de saúde merecem discrição, finalidade clara e escolha da paciente. Leitura orientativa · Artigo 58 Leia o artigo →",200,follow,contextual
https://francielesofiati.com/blog,https://francielesofiati.com/blog/rotina-minima-pele-sobrecarga,"Saúde da pele 59 Rotina mínima para pele sobrecarregada: por que simplificar pode ser um avanço Quando a pele reage, reduzir variáveis ajuda a observar e conversar com mais segurança. Leitura orientativa · Artigo 59 Leia o artigo →",200,follow,contextual
https://francielesofiati.com/blog,https://francielesofiati.com/blog/expectativa-e-tempo-biologico,"Consulta e cuidado 60 Tempo biológico e expectativa: por que cuidado estético não funciona como entrega expressa Pele, colágeno, pelo e couro cabeludo têm ritmos; um bom plano explicita intervalos e reavaliações. Leitura orientativa · Artigo 60 Leia o artigo →",200,follow,contextual
https://francielesofiati.com/blog,https://francielesofiati.com/consulta,Agendar consulta,200,follow,contextual
https://francielesofiati.com/blog,https://francielesofiati.com/tratamentos,Ver tratamentos →,200,follow,contextual
https://francielesofiati.com/blog,https://francielesofiati.com/blog/depilacao-a-laser-preparo-e-expectativas,"Laser e tecnologia Depilação a laser: preparo, ciclo do pelo e expectativas honestas Leia o guia →",200,follow,contextual
https://francielesofiati.com/blog,https://francielesofiati.com/blog/melasma-manchas-e-fotoprotecao,Pigmentação Melasma e manchas: por que controlar é diferente de prometer apagar Leia o guia →,200,follow,contextual
https://francielesofiati.com/blog,https://francielesofiati.com/blog/cicatrizes-de-acne-textura-e-plano,Textura e cicatrizes Cicatrizes de acne: por que textura pede um plano Leia o guia →,200,follow,contextual
https://francielesofiati.com/blog,https://francielesofiati.com/blog/laser-co2-recuperacao-e-cuidados,"Laser e recuperação Laser CO₂: recuperação, planejamento e cuidados Leia o guia →",200,follow,contextual
https://francielesofiati.com/blog,https://francielesofiati.com/blog/microagulhamento-o-que-avaliar,Tecnologia e cuidado Microagulhamento: o que precisa ser avaliado antes de decidir Leia o guia →,200,follow,contextual
https://francielesofiati.com/blog,https://francielesofiati.com/blog/queda-capilar-quando-investigar,Couro cabeludo Afinamento capilar: quando investigar antes de escolher um procedimento Leia o guia →,200,follow,contextual
https://francielesofiati.com/blog,https://francielesofiati.com/blog/peeling-quimico-recuperacao-seguranca,"Renovação da pele Peeling químico: recuperação, proteção e o que pode variar Leia o guia →",200,follow,contextual
https://francielesofiati.com/blog,https://francielesofiati.com/blog/toxina-botulinica-naturalidade-e-planejamento,Planejamento facial Toxina botulínica: naturalidade começa com anatomia e conversa Leia o guia →,200,follow,contextual
https://francielesofiati.com/en/laser,https://francielesofiati.com/en,Home,200,follow,breadcrumb
https://francielesofiati.com/en/laser,https://francielesofiati.com/en/consultation,Consult,200,follow,contextual
https://francielesofiati.com/en/laser,https://francielesofiati.com/en/contact,Contact,200,follow,contextual
https://francielesofiati.com/en/laser,https://francielesofiati.com/en/treatments,View All Laser Treatments,200,follow,contextual
https://francielesofiati.com/en/laser,https://francielesofiati.com/en/consultation,Consult,200,follow,contextual
https://francielesofiati.com/en/laser,https://francielesofiati.com/en/treatments,Treatments,200,follow,contextual
https://francielesofiati.com/laser,https://francielesofiati.com,Início,200,follow,breadcrumb
https://francielesofiati.com/laser,https://francielesofiati.com/consulta,Agendar consulta,200,follow,contextual
https://francielesofiati.com/laser,https://francielesofiati.com/contato,Contato,200,follow,contextual
https://francielesofiati.com/laser,https://francielesofiati.com/tratamentos,Veja todos os tratamentos a laser,200,follow,contextual
https://francielesofiati.com/laser,https://francielesofiati.com/consulta,Agendar consulta,200,follow,contextual
https://francielesofiati.com/laser,https://francielesofiati.com/tratamentos,Tratamentos,200,follow,contextual
https://francielesofiati.com/en/mission,https://francielesofiati.com/en,Home,200,follow,breadcrumb
https://francielesofiati.com/en/mission,https://francielesofiati.com/en/consultation,Consult,200,follow,contextual
https://francielesofiati.com/en/mission,https://francielesofiati.com/en/contact,Contact,200,follow,contextual
https://francielesofiati.com/en/mission,https://francielesofiati.com/en/consultation,Consult,200,follow,contextual
https://francielesofiati.com/en/mission,https://francielesofiati.com/en/treatments,Treatments,200,follow,contextual
https://francielesofiati.com/missao,https://francielesofiati.com,Início,200,follow,breadcrumb
https://francielesofiati.com/missao,https://francielesofiati.com/consulta,Agendar consulta,200,follow,contextual
https://francielesofiati.com/missao,https://francielesofiati.com/contato,Contato,200,follow,contextual
https://francielesofiati.com/missao,https://francielesofiati.com/consulta,Agendar consulta,200,follow,contextual
https://francielesofiati.com/missao,https://francielesofiati.com/tratamentos,Tratamentos,200,follow,contextual
https://francielesofiati.com/en/results,https://francielesofiati.com/en,Home,200,follow,breadcrumb
https://francielesofiati.com/en/results,https://francielesofiati.com/en/consultation,Consult,200,follow,contextual
https://francielesofiati.com/en/results,https://francielesofiati.com/en/contact,Contact,200,follow,contextual
https://francielesofiati.com/en/results,https://francielesofiati.com/en/consultation,Consult,200,follow,contextual
https://francielesofiati.com/en/results,https://francielesofiati.com/en/treatments,Treatments,200,follow,contextual
https://francielesofiati.com/resultados,https://francielesofiati.com,Início,200,follow,breadcrumb
https://francielesofiati.com/resultados,https://francielesofiati.com/consulta,Agendar consulta,200,follow,contextual
https://francielesofiati.com/resultados,https://francielesofiati.com/contato,Contato,200,follow,contextual
https://francielesofiati.com/resultados,https://francielesofiati.com/consulta,Agendar consulta,200,follow,contextual
https://francielesofiati.com/resultados,https://francielesofiati.com/tratamentos,Tratamentos,200,follow,contextual
https://francielesofiati.com/en/skin,https://francielesofiati.com/en,Home,200,follow,breadcrumb
https://francielesofiati.com/en/skin,https://francielesofiati.com/en/consultation,Consult,200,follow,contextual
https://francielesofiati.com/en/skin,https://francielesofiati.com/en/contact,Contact,200,follow,contextual
https://francielesofiati.com/en/skin,https://francielesofiati.com/en/consultation,Consult,200,follow,contextual
https://francielesofiati.com/en/skin,https://francielesofiati.com/en/treatments,Treatments,200,follow,contextual
https://francielesofiati.com/pele,https://francielesofiati.com,Início,200,follow,breadcrumb
https://francielesofiati.com/pele,https://francielesofiati.com/consulta,Agendar consulta,200,follow,contextual
https://francielesofiati.com/pele,https://francielesofiati.com/contato,Contato,200,follow,contextual
https://francielesofiati.com/pele,https://francielesofiati.com/consulta,Agendar consulta,200,follow,contextual
https://francielesofiati.com/pele,https://francielesofiati.com/tratamentos,Tratamentos,200,follow,contextual
https://francielesofiati.com/en/testimonials,https://francielesofiati.com/en,Home,200,follow,breadcrumb
https://francielesofiati.com/en/testimonials,https://francielesofiati.com/en/consultation,Consult,200,follow,contextual
https://francielesofiati.com/en/testimonials,https://francielesofiati.com/en/contact,Contact,200,follow,contextual
https://francielesofiati.com/en/testimonials,https://francielesofiati.com/en/consultation,Consult,200,follow,contextual
https://francielesofiati.com/en/testimonials,https://francielesofiati.com/en/treatments,Treatments,200,follow,contextual
https://francielesofiati.com/depoimentos,https://francielesofiati.com,Início,200,follow,breadcrumb
https://francielesofiati.com/depoimentos,https://francielesofiati.com/consulta,Agendar consulta,200,follow,contextual
https://francielesofiati.com/depoimentos,https://francielesofiati.com/contato,Contato,200,follow,contextual
https://francielesofiati.com/depoimentos,https://francielesofiati.com/consulta,Agendar consulta,200,follow,contextual
https://francielesofiati.com/depoimentos,https://francielesofiati.com/tratamentos,Tratamentos,200,follow,contextual
https://francielesofiati.com/en/treatments,https://francielesofiati.com/en,Home,200,follow,breadcrumb
https://francielesofiati.com/en/treatments,https://francielesofiati.com/en/consultation,Consult,200,follow,contextual
https://francielesofiati.com/en/treatments,https://francielesofiati.com/en/contact,Contact,200,follow,contextual
https://francielesofiati.com/en/treatments,https://francielesofiati.com/en/faq,Read the firmness guidance,200,follow,contextual
https://francielesofiati.com/en/treatments,https://francielesofiati.com/en/consultation,Discuss suitability,200,follow,contextual
https://francielesofiati.com/en/treatments,https://francielesofiati.com/en/consultation,Consult,200,follow,contextual
https://francielesofiati.com/en/treatments,https://francielesofiati.com/en/treatments,Treatments,200,follow,contextual
https://francielesofiati.com/tratamentos,https://francielesofiati.com,Início,200,follow,breadcrumb
https://francielesofiati.com/tratamentos,https://francielesofiati.com/consulta,Agendar consulta,200,follow,contextual
https://francielesofiati.com/tratamentos,https://francielesofiati.com/consulta,Agendar avaliação,200,follow,contextual
https://francielesofiati.com/tratamentos,https://francielesofiati.com/contato,Contato,200,follow,contextual
https://francielesofiati.com/en/values,https://francielesofiati.com/en,Home,200,follow,breadcrumb
https://francielesofiati.com/en/values,https://francielesofiati.com/en/consultation,Consult,200,follow,contextual
https://francielesofiati.com/en/values,https://francielesofiati.com/en/contact,Contact,200,follow,contextual
https://francielesofiati.com/en/values,https://francielesofiati.com/en/consultation,Consult,200,follow,contextual
https://francielesofiati.com/en/values,https://francielesofiati.com/en/treatments,Treatments,200,follow,contextual
https://francielesofiati.com/valores,https://francielesofiati.com,Início,200,follow,breadcrumb
https://francielesofiati.com/valores,https://francielesofiati.com/consulta,Agendar consulta,200,follow,contextual
https://francielesofiati.com/valores,https://francielesofiati.com/contato,Contato,200,follow,contextual
https://francielesofiati.com/valores,https://francielesofiati.com/consulta,Agendar consulta,200,follow,contextual
https://francielesofiati.com/valores,https://francielesofiati.com/tratamentos,Tratamentos,200,follow,contextual
https://francielesofiati.com/en/blog/a-considered-guide-to-laser-and-technology,https://francielesofiati.com,Home,200,follow,breadcrumb
https://francielesofiati.com/en/blog/a-considered-guide-to-laser-and-technology,https://francielesofiati.com/en/blog,Journal,200,follow,breadcrumb
https://francielesofiati.com/en/blog/a-considered-guide-to-laser-and-technology,https://francielesofiati.com/servicos/reducao-de-pelos-a-laser-com-lightsheer-duet,View related treatment →,200,follow,contextual
https://francielesofiati.com/en/blog/a-considered-guide-to-laser-and-technology,https://francielesofiati.com/consulta,Book a consultation in Londrina,200,follow,contextual
https://francielesofiati.com/en/blog/a-considered-guide-to-laser-and-technology,https://francielesofiati.com/servicos/reducao-de-pelos-a-laser-com-lightsheer-duet,Explore the related treatment,200,follow,contextual
https://francielesofiati.com/blog/depilacao-a-laser-preparo-e-expectativas,https://francielesofiati.com,Início,200,follow,breadcrumb
https://francielesofiati.com/blog/depilacao-a-laser-preparo-e-expectativas,https://francielesofiati.com/blog,Journal,200,follow,breadcrumb
https://francielesofiati.com/blog/depilacao-a-laser-preparo-e-expectativas,https://francielesofiati.com/servicos/reducao-de-pelos-a-laser-com-lightsheer-duet,Ver serviço relacionado →,200,follow,contextual
https://francielesofiati.com/blog/depilacao-a-laser-preparo-e-expectativas,https://francielesofiati.com/consulta,Avaliar depilação a laser em Londrina,200,follow,contextual
https://francielesofiati.com/blog/depilacao-a-laser-preparo-e-expectativas,https://francielesofiati.com/servicos/reducao-de-pelos-a-laser-com-lightsheer-duet,Entender o preparo para o laser,200,follow,contextual
https://francielesofiati.com/en/blog/a-considered-guide-to-pigmentation,https://francielesofiati.com,Home,200,follow,breadcrumb
https://francielesofiati.com/en/blog/a-considered-guide-to-pigmentation,https://francielesofiati.com/en/blog,Journal,200,follow,breadcrumb
https://francielesofiati.com/en/blog/a-considered-guide-to-pigmentation,https://francielesofiati.com/servicos/protocolo-profissional-de-despigmentacao,View related treatment →,200,follow,contextual
https://francielesofiati.com/en/blog/a-considered-guide-to-pigmentation,https://francielesofiati.com/consulta,Book a consultation in Londrina,200,follow,contextual
https://francielesofiati.com/en/blog/a-considered-guide-to-pigmentation,https://francielesofiati.com/servicos/protocolo-profissional-de-despigmentacao,Explore the related treatment,200,follow,contextual
https://francielesofiati.com/blog/melasma-manchas-e-fotoprotecao,https://francielesofiati.com,Início,200,follow,breadcrumb
https://francielesofiati.com/blog/melasma-manchas-e-fotoprotecao,https://francielesofiati.com/blog,Journal,200,follow,breadcrumb
https://francielesofiati.com/blog/melasma-manchas-e-fotoprotecao,https://francielesofiati.com/servicos/protocolo-profissional-de-despigmentacao,Ver serviço relacionado →,200,follow,contextual
https://francielesofiati.com/blog/melasma-manchas-e-fotoprotecao,https://francielesofiati.com/consulta,Avaliar manchas e melasma em Londrina,200,follow,contextual
https://francielesofiati.com/blog/melasma-manchas-e-fotoprotecao,https://francielesofiati.com/servicos/protocolo-profissional-de-despigmentacao,Entender o cuidado com pigmentação,200,follow,contextual
https://francielesofiati.com/en/blog/a-considered-guide-to-skin-renewal,https://francielesofiati.com,Home,200,follow,breadcrumb
https://francielesofiati.com/en/blog/a-considered-guide-to-skin-renewal,https://francielesofiati.com/en/blog,Journal,200,follow,breadcrumb
https://francielesofiati.com/en/blog/a-considered-guide-to-skin-renewal,https://francielesofiati.com/servicos/peeling-de-jessner,View related treatment →,200,follow,contextual
https://francielesofiati.com/en/blog/a-considered-guide-to-skin-renewal,https://francielesofiati.com/consulta,Book a consultation in Londrina,200,follow,contextual
https://francielesofiati.com/en/blog/a-considered-guide-to-skin-renewal,https://francielesofiati.com/servicos/peeling-de-jessner,Explore the related treatment,200,follow,contextual
https://francielesofiati.com/blog/peeling-quimico-recuperacao-seguranca,https://francielesofiati.com,Início,200,follow,breadcrumb
https://francielesofiati.com/blog/peeling-quimico-recuperacao-seguranca,https://francielesofiati.com/blog,Journal,200,follow,breadcrumb
https://francielesofiati.com/blog/peeling-quimico-recuperacao-seguranca,https://francielesofiati.com/servicos/peeling-de-jessner,Ver serviço relacionado →,200,follow,contextual
https://francielesofiati.com/blog/peeling-quimico-recuperacao-seguranca,https://francielesofiati.com/consulta,Agendar avaliação de renovação da pele em Londrina,200,follow,contextual
https://francielesofiati.com/blog/peeling-quimico-recuperacao-seguranca,https://francielesofiati.com/servicos/peeling-de-jessner,Conhecer o serviço de renovação da pele,200,follow,contextual
https://francielesofiati.com/en/blog/a-considered-guide-to-texture-and-scars,https://francielesofiati.com,Home,200,follow,breadcrumb
https://francielesofiati.com/en/blog/a-considered-guide-to-texture-and-scars,https://francielesofiati.com/en/blog,Journal,200,follow,breadcrumb
https://francielesofiati.com/en/blog/a-considered-guide-to-texture-and-scars,https://francielesofiati.com/servicos/microagulhamento,View related treatment →,200,follow,contextual
https://francielesofiati.com/en/blog/a-considered-guide-to-texture-and-scars,https://francielesofiati.com/consulta,Book a consultation in Londrina,200,follow,contextual
https://francielesofiati.com/en/blog/a-considered-guide-to-texture-and-scars,https://francielesofiati.com/servicos/microagulhamento,Explore the related treatment,200,follow,contextual
https://francielesofiati.com/blog/cicatrizes-de-acne-textura-e-plano,https://francielesofiati.com,Início,200,follow,breadcrumb
https://francielesofiati.com/blog/cicatrizes-de-acne-textura-e-plano,https://francielesofiati.com/blog,Journal,200,follow,breadcrumb
https://francielesofiati.com/blog/cicatrizes-de-acne-textura-e-plano,https://francielesofiati.com/servicos/microagulhamento,Ver serviço relacionado →,200,follow,contextual
https://francielesofiati.com/blog/cicatrizes-de-acne-textura-e-plano,https://francielesofiati.com/consulta,Conversar sobre textura e microagulhamento,200,follow,contextual
https://francielesofiati.com/blog/cicatrizes-de-acne-textura-e-plano,https://francielesofiati.com/servicos/microagulhamento,Ver cuidados para textura da pele,200,follow,contextual
https://francielesofiati.com/en/blog/a-considered-guide-to-laser-and-recovery,https://francielesofiati.com,Home,200,follow,breadcrumb
https://francielesofiati.com/en/blog/a-considered-guide-to-laser-and-recovery,https://francielesofiati.com/en/blog,Journal,200,follow,breadcrumb
https://francielesofiati.com/en/blog/a-considered-guide-to-laser-and-recovery,https://francielesofiati.com/servicos/laser-acupulse-co2,View related treatment →,200,follow,contextual
https://francielesofiati.com/en/blog/a-considered-guide-to-laser-and-recovery,https://francielesofiati.com/consulta,Book a consultation in Londrina,200,follow,contextual
https://francielesofiati.com/en/blog/a-considered-guide-to-laser-and-recovery,https://francielesofiati.com/servicos/laser-acupulse-co2,Explore the related treatment,200,follow,contextual
https://francielesofiati.com/blog/laser-co2-recuperacao-e-cuidados,https://francielesofiati.com,Início,200,follow,breadcrumb
https://francielesofiati.com/blog/laser-co2-recuperacao-e-cuidados,https://francielesofiati.com/blog,Journal,200,follow,breadcrumb
https://francielesofiati.com/blog/laser-co2-recuperacao-e-cuidados,https://francielesofiati.com/servicos/laser-acupulse-co2,Ver serviço relacionado →,200,follow,contextual
https://francielesofiati.com/blog/laser-co2-recuperacao-e-cuidados,https://francielesofiati.com/consulta,Conversar sobre laser CO₂ em Londrina,200,follow,contextual
https://francielesofiati.com/blog/laser-co2-recuperacao-e-cuidados,https://francielesofiati.com/servicos/laser-acupulse-co2,Ver cuidados antes e depois do laser,200,follow,contextual
https://francielesofiati.com/en/blog/a-considered-guide-to-technology-and-care,https://francielesofiati.com,Home,200,follow,breadcrumb
https://francielesofiati.com/en/blog/a-considered-guide-to-technology-and-care,https://francielesofiati.com/en/blog,Journal,200,follow,breadcrumb
https://francielesofiati.com/en/blog/a-considered-guide-to-technology-and-care,https://francielesofiati.com/servicos/microagulhamento,View related treatment →,200,follow,contextual
https://francielesofiati.com/en/blog/a-considered-guide-to-technology-and-care,https://francielesofiati.com/consulta,Book a consultation in Londrina,200,follow,contextual
https://francielesofiati.com/en/blog/a-considered-guide-to-technology-and-care,https://francielesofiati.com/servicos/microagulhamento,Explore the related treatment,200,follow,contextual
https://francielesofiati.com/blog/microagulhamento-o-que-avaliar,https://francielesofiati.com,Início,200,follow,breadcrumb
https://francielesofiati.com/blog/microagulhamento-o-que-avaliar,https://francielesofiati.com/blog,Journal,200,follow,breadcrumb
https://francielesofiati.com/blog/microagulhamento-o-que-avaliar,https://francielesofiati.com/servicos/microagulhamento,Ver serviço relacionado →,200,follow,contextual
https://francielesofiati.com/blog/microagulhamento-o-que-avaliar,https://francielesofiati.com/consulta,Conversar sobre textura e microagulhamento,200,follow,contextual
https://francielesofiati.com/blog/microagulhamento-o-que-avaliar,https://francielesofiati.com/servicos/microagulhamento,Ver cuidados para textura da pele,200,follow,contextual
https://francielesofiati.com/en/blog/a-considered-guide-to-aesthetic-care,https://francielesofiati.com,Home,200,follow,breadcrumb
https://francielesofiati.com/en/blog/a-considered-guide-to-aesthetic-care,https://francielesofiati.com/en/blog,Journal,200,follow,breadcrumb
https://francielesofiati.com/en/blog/a-considered-guide-to-aesthetic-care,https://francielesofiati.com/servicos/mesoterapia-capilar,View related treatment →,200,follow,contextual
https://francielesofiati.com/en/blog/a-considered-guide-to-aesthetic-care,https://francielesofiati.com/consulta,Book a consultation in Londrina,200,follow,contextual
https://francielesofiati.com/en/blog/a-considered-guide-to-aesthetic-care,https://francielesofiati.com/servicos/mesoterapia-capilar,Explore the related treatment,200,follow,contextual
https://francielesofiati.com/blog/queda-capilar-quando-investigar,https://francielesofiati.com,Início,200,follow,breadcrumb
https://francielesofiati.com/blog/queda-capilar-quando-investigar,https://francielesofiati.com/blog,Journal,200,follow,breadcrumb
https://francielesofiati.com/blog/queda-capilar-quando-investigar,https://francielesofiati.com/servicos/mesoterapia-capilar,Ver serviço relacionado →,200,follow,contextual
https://francielesofiati.com/blog/queda-capilar-quando-investigar,https://francielesofiati.com/consulta,Conversar sobre queda e afinamento capilar,200,follow,contextual
https://francielesofiati.com/blog/queda-capilar-quando-investigar,https://francielesofiati.com/servicos/mesoterapia-capilar,Conhecer cuidados para o couro cabeludo,200,follow,contextual
https://francielesofiati.com/en/blog/a-considered-guide-to-facial-planning,https://francielesofiati.com,Home,200,follow,breadcrumb
https://francielesofiati.com/en/blog/a-considered-guide-to-facial-planning,https://francielesofiati.com/en/blog,Journal,200,follow,breadcrumb
https://francielesofiati.com/en/blog/a-considered-guide-to-facial-planning,https://francielesofiati.com/servicos/toxina-botulinica-terco-superior-da-face,View related treatment →,200,follow,contextual
https://francielesofiati.com/en/blog/a-considered-guide-to-facial-planning,https://francielesofiati.com/consulta,Book a consultation in Londrina,200,follow,contextual
https://francielesofiati.com/en/blog/a-considered-guide-to-facial-planning,https://francielesofiati.com/servicos/toxina-botulinica-terco-superior-da-face,Explore the related treatment,200,follow,contextual
https://francielesofiati.com/blog/toxina-botulinica-naturalidade-e-planejamento,https://francielesofiati.com,Início,200,follow,breadcrumb
https://francielesofiati.com/blog/toxina-botulinica-naturalidade-e-planejamento,https://francielesofiati.com/blog,Journal,200,follow,breadcrumb
https://francielesofiati.com/blog/toxina-botulinica-naturalidade-e-planejamento,https://francielesofiati.com/servicos/toxina-botulinica-terco-superior-da-face,Ver serviço relacionado →,200,follow,contextual
https://francielesofiati.com/blog/toxina-botulinica-naturalidade-e-planejamento,https://francielesofiati.com/consulta,Planejar toxina botulínica com naturalidade,200,follow,contextual
https://francielesofiati.com/blog/toxina-botulinica-naturalidade-e-planejamento,https://francielesofiati.com/servicos/toxina-botulinica-terco-superior-da-face,Conhecer o planejamento facial,200,follow,contextual
https://francielesofiati.com/en/blog/sun-protection-that-fits-real-life,https://francielesofiati.com,Home,200,follow,breadcrumb
https://francielesofiati.com/en/blog/sun-protection-that-fits-real-life,https://francielesofiati.com/en/blog,Journal,200,follow,breadcrumb
https://francielesofiati.com/en/blog/sun-protection-that-fits-real-life,https://francielesofiati.com/servicos/protocolo-profissional-de-despigmentacao,View related treatment →,200,follow,contextual
https://francielesofiati.com/en/blog/sun-protection-that-fits-real-life,https://francielesofiati.com/consulta,Book a consultation in Londrina,200,follow,contextual
https://francielesofiati.com/en/blog/sun-protection-that-fits-real-life,https://francielesofiati.com/servicos/protocolo-profissional-de-despigmentacao,Explore the related treatment,200,follow,contextual
https://francielesofiati.com/blog/fotoprotecao-que-cabe-na-rotina,https://francielesofiati.com,Início,200,follow,breadcrumb
https://francielesofiati.com/blog/fotoprotecao-que-cabe-na-rotina,https://francielesofiati.com/blog,Journal,200,follow,breadcrumb
https://francielesofiati.com/blog/fotoprotecao-que-cabe-na-rotina,https://francielesofiati.com/servicos/protocolo-profissional-de-despigmentacao,Ver serviço relacionado →,200,follow,contextual
https://francielesofiati.com/blog/fotoprotecao-que-cabe-na-rotina,https://francielesofiati.com/consulta,Avaliar manchas e melasma em Londrina,200,follow,contextual
https://francielesofiati.com/blog/fotoprotecao-que-cabe-na-rotina,https://francielesofiati.com/servicos/protocolo-profissional-de-despigmentacao,Entender o cuidado com pigmentação,200,follow,contextual
https://francielesofiati.com/en/blog/when-an-overworked-skin-barrier-needs-a-pause,https://francielesofiati.com,Home,200,follow,breadcrumb
https://francielesofiati.com/en/blog/when-an-overworked-skin-barrier-needs-a-pause,https://francielesofiati.com/en/blog,Journal,200,follow,breadcrumb
https://francielesofiati.com/en/blog/when-an-overworked-skin-barrier-needs-a-pause,https://francielesofiati.com/servicos/limpeza-de-pele-profunda,View related treatment →,200,follow,contextual
https://francielesofiati.com/en/blog/when-an-overworked-skin-barrier-needs-a-pause,https://francielesofiati.com/consulta,Book a consultation in Londrina,200,follow,contextual
https://francielesofiati.com/en/blog/when-an-overworked-skin-barrier-needs-a-pause,https://francielesofiati.com/servicos/limpeza-de-pele-profunda,Explore the related treatment,200,follow,contextual
https://francielesofiati.com/blog/barreira-cutanea-sinais-de-sobrecarga,https://francielesofiati.com,Início,200,follow,breadcrumb
https://francielesofiati.com/blog/barreira-cutanea-sinais-de-sobrecarga,https://francielesofiati.com/blog,Journal,200,follow,breadcrumb
https://francielesofiati.com/blog/barreira-cutanea-sinais-de-sobrecarga,https://francielesofiati.com/servicos/limpeza-de-pele-profunda,Ver serviço relacionado →,200,follow,contextual
https://francielesofiati.com/blog/barreira-cutanea-sinais-de-sobrecarga,https://francielesofiati.com/consulta,Agendar avaliação de saúde da pele em Londrina,200,follow,contextual
https://francielesofiati.com/blog/barreira-cutanea-sinais-de-sobrecarga,https://francielesofiati.com/servicos/limpeza-de-pele-profunda,Conhecer o serviço de saúde da pele,200,follow,contextual
https://francielesofiati.com/en/blog/acids-in-a-skincare-routine-order-tolerance-and-care,https://francielesofiati.com,Home,200,follow,breadcrumb
https://francielesofiati.com/en/blog/acids-in-a-skincare-routine-order-tolerance-and-care,https://francielesofiati.com/en/blog,Journal,200,follow,breadcrumb
https://francielesofiati.com/en/blog/acids-in-a-skincare-routine-order-tolerance-and-care,https://francielesofiati.com/servicos/peeling-de-jessner,View related treatment →,200,follow,contextual
https://francielesofiati.com/en/blog/acids-in-a-skincare-routine-order-tolerance-and-care,https://francielesofiati.com/consulta,Book a consultation in Londrina,200,follow,contextual
https://francielesofiati.com/en/blog/acids-in-a-skincare-routine-order-tolerance-and-care,https://francielesofiati.com/servicos/peeling-de-jessner,Explore the related treatment,200,follow,contextual
https://francielesofiati.com/blog/acidos-na-rotina-ordem-e-cautela,https://francielesofiati.com,Início,200,follow,breadcrumb
https://francielesofiati.com/blog/acidos-na-rotina-ordem-e-cautela,https://francielesofiati.com/blog,Journal,200,follow,breadcrumb
https://francielesofiati.com/blog/acidos-na-rotina-ordem-e-cautela,https://francielesofiati.com/servicos/peeling-de-jessner,Ver serviço relacionado →,200,follow,contextual
https://francielesofiati.com/blog/acidos-na-rotina-ordem-e-cautela,https://francielesofiati.com/consulta,Agendar avaliação de saúde da pele em Londrina,200,follow,contextual
https://francielesofiati.com/blog/acidos-na-rotina-ordem-e-cautela,https://francielesofiati.com/servicos/peeling-de-jessner,Conhecer o serviço de saúde da pele,200,follow,contextual
https://francielesofiati.com/en/blog/daily-cleansing-removing-what-is-needed-preserving-what-matters,https://francielesofiati.com,Home,200,follow,breadcrumb
https://francielesofiati.com/en/blog/daily-cleansing-removing-what-is-needed-preserving-what-matters,https://francielesofiati.com/en/blog,Journal,200,follow,breadcrumb
https://francielesofiati.com/en/blog/daily-cleansing-removing-what-is-needed-preserving-what-matters,https://francielesofiati.com/servicos/limpeza-de-pele-profunda,View related treatment →,200,follow,contextual
https://francielesofiati.com/en/blog/daily-cleansing-removing-what-is-needed-preserving-what-matters,https://francielesofiati.com/consulta,Book a consultation in Londrina,200,follow,contextual
https://francielesofiati.com/en/blog/daily-cleansing-removing-what-is-needed-preserving-what-matters,https://francielesofiati.com/servicos/limpeza-de-pele-profunda,Explore the related treatment,200,follow,contextual
https://francielesofiati.com/blog/limpeza-de-pele-e-barreira,https://francielesofiati.com,Início,200,follow,breadcrumb
https://francielesofiati.com/blog/limpeza-de-pele-e-barreira,https://francielesofiati.com/blog,Journal,200,follow,breadcrumb
https://francielesofiati.com/blog/limpeza-de-pele-e-barreira,https://francielesofiati.com/servicos/limpeza-de-pele-profunda,Ver serviço relacionado →,200,follow,contextual
https://francielesofiati.com/blog/limpeza-de-pele-e-barreira,https://francielesofiati.com/consulta,Agendar avaliação de saúde da pele em Londrina,200,follow,contextual
https://francielesofiati.com/blog/limpeza-de-pele-e-barreira,https://francielesofiati.com/servicos/limpeza-de-pele-profunda,Conhecer o serviço de saúde da pele,200,follow,contextual
https://francielesofiati.com/en/blog/make-up-and-sensitive-skin-what-to-notice-without-blaming-products,https://francielesofiati.com,Home,200,follow,breadcrumb
https://francielesofiati.com/en/blog/make-up-and-sensitive-skin-what-to-notice-without-blaming-products,https://francielesofiati.com/en/blog,Journal,200,follow,breadcrumb
https://francielesofiati.com/en/blog/make-up-and-sensitive-skin-what-to-notice-without-blaming-products,https://francielesofiati.com/servicos/limpeza-de-pele-profunda,View related treatment →,200,follow,contextual
https://francielesofiati.com/en/blog/make-up-and-sensitive-skin-what-to-notice-without-blaming-products,https://francielesofiati.com/consulta,Book a consultation in Londrina,200,follow,contextual
https://francielesofiati.com/en/blog/make-up-and-sensitive-skin-what-to-notice-without-blaming-products,https://francielesofiati.com/servicos/limpeza-de-pele-profunda,Explore the related treatment,200,follow,contextual
https://francielesofiati.com/blog/maquiagem-e-pele-sensivel,https://francielesofiati.com,Início,200,follow,breadcrumb
https://francielesofiati.com/blog/maquiagem-e-pele-sensivel,https://francielesofiati.com/blog,Journal,200,follow,breadcrumb
https://francielesofiati.com/blog/maquiagem-e-pele-sensivel,https://francielesofiati.com/servicos/limpeza-de-pele-profunda,Ver serviço relacionado →,200,follow,contextual
https://francielesofiati.com/blog/maquiagem-e-pele-sensivel,https://francielesofiati.com/consulta,Agendar avaliação de saúde da pele em Londrina,200,follow,contextual
https://francielesofiati.com/blog/maquiagem-e-pele-sensivel,https://francielesofiati.com/servicos/limpeza-de-pele-profunda,Conhecer o serviço de saúde da pele,200,follow,contextual
https://francielesofiati.com/en/blog/pores-and-texture-why-there-is-no-permanent-closing-solution,https://francielesofiati.com,Home,200,follow,breadcrumb
https://francielesofiati.com/en/blog/pores-and-texture-why-there-is-no-permanent-closing-solution,https://francielesofiati.com/en/blog,Journal,200,follow,breadcrumb
https://francielesofiati.com/en/blog/pores-and-texture-why-there-is-no-permanent-closing-solution,https://francielesofiati.com/servicos/microagulhamento,View related treatment →,200,follow,contextual
https://francielesofiati.com/en/blog/pores-and-texture-why-there-is-no-permanent-closing-solution,https://francielesofiati.com/consulta,Book a consultation in Londrina,200,follow,contextual
https://francielesofiati.com/en/blog/pores-and-texture-why-there-is-no-permanent-closing-solution,https://francielesofiati.com/servicos/microagulhamento,Explore the related treatment,200,follow,contextual
https://francielesofiati.com/blog/poros-textura-e-expectativas,https://francielesofiati.com,Início,200,follow,breadcrumb
https://francielesofiati.com/blog/poros-textura-e-expectativas,https://francielesofiati.com/blog,Journal,200,follow,breadcrumb
https://francielesofiati.com/blog/poros-textura-e-expectativas,https://francielesofiati.com/servicos/microagulhamento,Ver serviço relacionado →,200,follow,contextual
https://francielesofiati.com/blog/poros-textura-e-expectativas,https://francielesofiati.com/consulta,Conversar sobre textura e microagulhamento,200,follow,contextual
https://francielesofiati.com/blog/poros-textura-e-expectativas,https://francielesofiati.com/servicos/microagulhamento,Ver cuidados para textura da pele,200,follow,contextual
https://francielesofiati.com/en/blog/blackheads-and-extraction-when-persistence-at-home-can-harm-the-skin,https://francielesofiati.com,Home,200,follow,breadcrumb
https://francielesofiati.com/en/blog/blackheads-and-extraction-when-persistence-at-home-can-harm-the-skin,https://francielesofiati.com/en/blog,Journal,200,follow,breadcrumb
https://francielesofiati.com/en/blog/blackheads-and-extraction-when-persistence-at-home-can-harm-the-skin,https://francielesofiati.com/servicos/limpeza-de-pele-profunda,View related treatment →,200,follow,contextual
https://francielesofiati.com/en/blog/blackheads-and-extraction-when-persistence-at-home-can-harm-the-skin,https://francielesofiati.com/consulta,Book a consultation in Londrina,200,follow,contextual
https://francielesofiati.com/en/blog/blackheads-and-extraction-when-persistence-at-home-can-harm-the-skin,https://francielesofiati.com/servicos/limpeza-de-pele-profunda,Explore the related treatment,200,follow,contextual
https://francielesofiati.com/blog/cravos-e-extracao-segura,https://francielesofiati.com,Início,200,follow,breadcrumb
https://francielesofiati.com/blog/cravos-e-extracao-segura,https://francielesofiati.com/blog,Journal,200,follow,breadcrumb
https://francielesofiati.com/blog/cravos-e-extracao-segura,https://francielesofiati.com/servicos/limpeza-de-pele-profunda,Ver serviço relacionado →,200,follow,contextual
https://francielesofiati.com/blog/cravos-e-extracao-segura,https://francielesofiati.com/consulta,Agendar avaliação de saúde da pele em Londrina,200,follow,contextual
https://francielesofiati.com/blog/cravos-e-extracao-segura,https://francielesofiati.com/servicos/limpeza-de-pele-profunda,Conhecer o serviço de saúde da pele,200,follow,contextual
https://francielesofiati.com/en/blog/active-acne-before-texture-why-the-order-of-care-matters,https://francielesofiati.com,Home,200,follow,breadcrumb
https://francielesofiati.com/en/blog/active-acne-before-texture-why-the-order-of-care-matters,https://francielesofiati.com/en/blog,Journal,200,follow,breadcrumb
https://francielesofiati.com/en/blog/active-acne-before-texture-why-the-order-of-care-matters,https://francielesofiati.com/servicos/microagulhamento,View related treatment →,200,follow,contextual
https://francielesofiati.com/en/blog/active-acne-before-texture-why-the-order-of-care-matters,https://francielesofiati.com/consulta,Book a consultation in Londrina,200,follow,contextual
https://francielesofiati.com/en/blog/active-acne-before-texture-why-the-order-of-care-matters,https://francielesofiati.com/servicos/microagulhamento,Explore the related treatment,200,follow,contextual
https://francielesofiati.com/blog/acne-ativa-prioridade-antes-da-textura,https://francielesofiati.com,Início,200,follow,breadcrumb
https://francielesofiati.com/blog/acne-ativa-prioridade-antes-da-textura,https://francielesofiati.com/blog,Journal,200,follow,breadcrumb
https://francielesofiati.com/blog/acne-ativa-prioridade-antes-da-textura,https://francielesofiati.com/servicos/microagulhamento,Ver serviço relacionado →,200,follow,contextual
https://francielesofiati.com/blog/acne-ativa-prioridade-antes-da-textura,https://francielesofiati.com/consulta,Conversar sobre textura e microagulhamento,200,follow,contextual
https://francielesofiati.com/blog/acne-ativa-prioridade-antes-da-textura,https://francielesofiati.com/servicos/microagulhamento,Ver cuidados para textura da pele,200,follow,contextual
https://francielesofiati.com/en/blog/post-acne-marks-and-scars-two-different-skin-stories,https://francielesofiati.com,Home,200,follow,breadcrumb
https://francielesofiati.com/en/blog/post-acne-marks-and-scars-two-different-skin-stories,https://francielesofiati.com/en/blog,Journal,200,follow,breadcrumb
https://francielesofiati.com/en/blog/post-acne-marks-and-scars-two-different-skin-stories,https://francielesofiati.com/servicos/microagulhamento,View related treatment →,200,follow,contextual
https://francielesofiati.com/en/blog/post-acne-marks-and-scars-two-different-skin-stories,https://francielesofiati.com/consulta,Book a consultation in Londrina,200,follow,contextual
https://francielesofiati.com/en/blog/post-acne-marks-and-scars-two-different-skin-stories,https://francielesofiati.com/servicos/microagulhamento,Explore the related treatment,200,follow,contextual
https://francielesofiati.com/blog/marcas-pos-acne-e-cicatrizes,https://francielesofiati.com,Início,200,follow,breadcrumb
https://francielesofiati.com/blog/marcas-pos-acne-e-cicatrizes,https://francielesofiati.com/blog,Journal,200,follow,breadcrumb
https://francielesofiati.com/blog/marcas-pos-acne-e-cicatrizes,https://francielesofiati.com/servicos/microagulhamento,Ver serviço relacionado →,200,follow,contextual
https://francielesofiati.com/blog/marcas-pos-acne-e-cicatrizes,https://francielesofiati.com/consulta,Conversar sobre textura e microagulhamento,200,follow,contextual
https://francielesofiati.com/blog/marcas-pos-acne-e-cicatrizes,https://francielesofiati.com/servicos/microagulhamento,Ver cuidados para textura da pele,200,follow,contextual
https://francielesofiati.com/en/blog/persistent-redness-when-to-observe-and-when-to-investigate,https://francielesofiati.com,Home,200,follow,breadcrumb
https://francielesofiati.com/en/blog/persistent-redness-when-to-observe-and-when-to-investigate,https://francielesofiati.com/en/blog,Journal,200,follow,breadcrumb
https://francielesofiati.com/en/blog/persistent-redness-when-to-observe-and-when-to-investigate,https://francielesofiati.com/servicos/plataforma-harmony-de-laser-e-luz,View related treatment →,200,follow,contextual
https://francielesofiati.com/en/blog/persistent-redness-when-to-observe-and-when-to-investigate,https://francielesofiati.com/consulta,Book a consultation in Londrina,200,follow,contextual
https://francielesofiati.com/en/blog/persistent-redness-when-to-observe-and-when-to-investigate,https://francielesofiati.com/servicos/plataforma-harmony-de-laser-e-luz,Explore the related treatment,200,follow,contextual
https://francielesofiati.com/blog/vermelhidao-persistente-quando-investigar,https://francielesofiati.com,Início,200,follow,breadcrumb
https://francielesofiati.com/blog/vermelhidao-persistente-quando-investigar,https://francielesofiati.com/blog,Journal,200,follow,breadcrumb
https://francielesofiati.com/blog/vermelhidao-persistente-quando-investigar,https://francielesofiati.com/servicos/plataforma-harmony-de-laser-e-luz,Ver serviço relacionado →,200,follow,contextual
https://francielesofiati.com/blog/vermelhidao-persistente-quando-investigar,https://francielesofiati.com/consulta,Agendar avaliação de saúde da pele em Londrina,200,follow,contextual
https://francielesofiati.com/blog/vermelhidao-persistente-quando-investigar,https://francielesofiati.com/servicos/plataforma-harmony-de-laser-e-luz,Conhecer o serviço de saúde da pele,200,follow,contextual
https://francielesofiati.com/en/blog/melasma-heat-and-light-looking-beyond-direct-sun-exposure,https://francielesofiati.com,Home,200,follow,breadcrumb
https://francielesofiati.com/en/blog/melasma-heat-and-light-looking-beyond-direct-sun-exposure,https://francielesofiati.com/en/blog,Journal,200,follow,breadcrumb
https://francielesofiati.com/en/blog/melasma-heat-and-light-looking-beyond-direct-sun-exposure,https://francielesofiati.com/servicos/protocolo-profissional-de-despigmentacao,View related treatment →,200,follow,contextual
https://francielesofiati.com/en/blog/melasma-heat-and-light-looking-beyond-direct-sun-exposure,https://francielesofiati.com/consulta,Book a consultation in Londrina,200,follow,contextual
https://francielesofiati.com/en/blog/melasma-heat-and-light-looking-beyond-direct-sun-exposure,https://francielesofiati.com/servicos/protocolo-profissional-de-despigmentacao,Explore the related treatment,200,follow,contextual
https://francielesofiati.com/blog/melasma-calor-luz-e-rotina,https://francielesofiati.com,Início,200,follow,breadcrumb
https://francielesofiati.com/blog/melasma-calor-luz-e-rotina,https://francielesofiati.com/blog,Journal,200,follow,breadcrumb
https://francielesofiati.com/blog/melasma-calor-luz-e-rotina,https://francielesofiati.com/servicos/protocolo-profissional-de-despigmentacao,Ver serviço relacionado →,200,follow,contextual
https://francielesofiati.com/blog/melasma-calor-luz-e-rotina,https://francielesofiati.com/consulta,Avaliar manchas e melasma em Londrina,200,follow,contextual
https://francielesofiati.com/blog/melasma-calor-luz-e-rotina,https://francielesofiati.com/servicos/protocolo-profissional-de-despigmentacao,Entender o cuidado com pigmentação,200,follow,contextual
https://francielesofiati.com/en/blog/post-inflammatory-pigmentation-why-the-cause-belongs-in-the-plan,https://francielesofiati.com,Home,200,follow,breadcrumb
https://francielesofiati.com/en/blog/post-inflammatory-pigmentation-why-the-cause-belongs-in-the-plan,https://francielesofiati.com/en/blog,Journal,200,follow,breadcrumb
https://francielesofiati.com/en/blog/post-inflammatory-pigmentation-why-the-cause-belongs-in-the-plan,https://francielesofiati.com/servicos/protocolo-profissional-de-despigmentacao,View related treatment →,200,follow,contextual
https://francielesofiati.com/en/blog/post-inflammatory-pigmentation-why-the-cause-belongs-in-the-plan,https://francielesofiati.com/consulta,Book a consultation in Londrina,200,follow,contextual
https://francielesofiati.com/en/blog/post-inflammatory-pigmentation-why-the-cause-belongs-in-the-plan,https://francielesofiati.com/servicos/protocolo-profissional-de-despigmentacao,Explore the related treatment,200,follow,contextual
https://francielesofiati.com/blog/mancha-pos-inflamatoria-o-que-muda,https://francielesofiati.com,Início,200,follow,breadcrumb
https://francielesofiati.com/blog/mancha-pos-inflamatoria-o-que-muda,https://francielesofiati.com/blog,Journal,200,follow,breadcrumb
https://francielesofiati.com/blog/mancha-pos-inflamatoria-o-que-muda,https://francielesofiati.com/servicos/protocolo-profissional-de-despigmentacao,Ver serviço relacionado →,200,follow,contextual
https://francielesofiati.com/blog/mancha-pos-inflamatoria-o-que-muda,https://francielesofiati.com/consulta,Avaliar manchas e melasma em Londrina,200,follow,contextual
https://francielesofiati.com/blog/mancha-pos-inflamatoria-o-que-muda,https://francielesofiati.com/servicos/protocolo-profissional-de-despigmentacao,Entender o cuidado com pigmentação,200,follow,contextual
https://francielesofiati.com/en/blog/skin-during-pregnancy-safer-questions-before-changing-a-routine,https://francielesofiati.com,Home,200,follow,breadcrumb
https://francielesofiati.com/en/blog/skin-during-pregnancy-safer-questions-before-changing-a-routine,https://francielesofiati.com/en/blog,Journal,200,follow,breadcrumb
https://francielesofiati.com/en/blog/skin-during-pregnancy-safer-questions-before-changing-a-routine,https://francielesofiati.com/servicos/limpeza-de-pele-profunda,View related treatment →,200,follow,contextual
https://francielesofiati.com/en/blog/skin-during-pregnancy-safer-questions-before-changing-a-routine,https://francielesofiati.com/consulta,Book a consultation in Londrina,200,follow,contextual
https://francielesofiati.com/en/blog/skin-during-pregnancy-safer-questions-before-changing-a-routine,https://francielesofiati.com/servicos/limpeza-de-pele-profunda,Explore the related treatment,200,follow,contextual
https://francielesofiati.com/blog/pele-e-gravidez-perguntas-seguras,https://francielesofiati.com,Início,200,follow,breadcrumb
https://francielesofiati.com/blog/pele-e-gravidez-perguntas-seguras,https://francielesofiati.com/blog,Journal,200,follow,breadcrumb
https://francielesofiati.com/blog/pele-e-gravidez-perguntas-seguras,https://francielesofiati.com/servicos/limpeza-de-pele-profunda,Ver serviço relacionado →,200,follow,contextual
https://francielesofiati.com/blog/pele-e-gravidez-perguntas-seguras,https://francielesofiati.com/consulta,Agendar avaliação de saúde da pele em Londrina,200,follow,contextual
https://francielesofiati.com/blog/pele-e-gravidez-perguntas-seguras,https://francielesofiati.com/servicos/limpeza-de-pele-profunda,Conhecer o serviço de saúde da pele,200,follow,contextual
https://francielesofiati.com/en/blog/at-home-peels-why-concentration-without-context-can-be-costly,https://francielesofiati.com,Home,200,follow,breadcrumb
https://francielesofiati.com/en/blog/at-home-peels-why-concentration-without-context-can-be-costly,https://francielesofiati.com/en/blog,Journal,200,follow,breadcrumb
https://francielesofiati.com/en/blog/at-home-peels-why-concentration-without-context-can-be-costly,https://francielesofiati.com/servicos/peeling-de-jessner,View related treatment →,200,follow,contextual
https://francielesofiati.com/en/blog/at-home-peels-why-concentration-without-context-can-be-costly,https://francielesofiati.com/consulta,Book a consultation in Londrina,200,follow,contextual
https://francielesofiati.com/en/blog/at-home-peels-why-concentration-without-context-can-be-costly,https://francielesofiati.com/servicos/peeling-de-jessner,Explore the related treatment,200,follow,contextual
https://francielesofiati.com/blog/peeling-caseiro-risco-e-contexto,https://francielesofiati.com,Início,200,follow,breadcrumb
https://francielesofiati.com/blog/peeling-caseiro-risco-e-contexto,https://francielesofiati.com/blog,Journal,200,follow,breadcrumb
https://francielesofiati.com/blog/peeling-caseiro-risco-e-contexto,https://francielesofiati.com/servicos/peeling-de-jessner,Ver serviço relacionado →,200,follow,contextual
https://francielesofiati.com/blog/peeling-caseiro-risco-e-contexto,https://francielesofiati.com/consulta,Agendar avaliação de renovação da pele em Londrina,200,follow,contextual
https://francielesofiati.com/blog/peeling-caseiro-risco-e-contexto,https://francielesofiati.com/servicos/peeling-de-jessner,Conhecer o serviço de renovação da pele,200,follow,contextual
https://francielesofiati.com/en/blog/physical-exfoliation-when-feeling-the-grains-stops-being-renewal,https://francielesofiati.com,Home,200,follow,breadcrumb
https://francielesofiati.com/en/blog/physical-exfoliation-when-feeling-the-grains-stops-being-renewal,https://francielesofiati.com/en/blog,Journal,200,follow,breadcrumb
https://francielesofiati.com/en/blog/physical-exfoliation-when-feeling-the-grains-stops-being-renewal,https://francielesofiati.com/servicos/peeling-de-diamante,View related treatment →,200,follow,contextual
https://francielesofiati.com/en/blog/physical-exfoliation-when-feeling-the-grains-stops-being-renewal,https://francielesofiati.com/consulta,Book a consultation in Londrina,200,follow,contextual
https://francielesofiati.com/en/blog/physical-exfoliation-when-feeling-the-grains-stops-being-renewal,https://francielesofiati.com/servicos/peeling-de-diamante,Explore the related treatment,200,follow,contextual
https://francielesofiati.com/blog/esfoliacao-fisica-quando-menos-ajuda,https://francielesofiati.com,Início,200,follow,breadcrumb
https://francielesofiati.com/blog/esfoliacao-fisica-quando-menos-ajuda,https://francielesofiati.com/blog,Journal,200,follow,breadcrumb
https://francielesofiati.com/blog/esfoliacao-fisica-quando-menos-ajuda,https://francielesofiati.com/servicos/peeling-de-diamante,Ver serviço relacionado →,200,follow,contextual
https://francielesofiati.com/blog/esfoliacao-fisica-quando-menos-ajuda,https://francielesofiati.com/consulta,Agendar avaliação de renovação da pele em Londrina,200,follow,contextual
https://francielesofiati.com/blog/esfoliacao-fisica-quando-menos-ajuda,https://francielesofiati.com/servicos/peeling-de-diamante,Conhecer o serviço de renovação da pele,200,follow,contextual
https://francielesofiati.com/en/blog/microdermabrasion-realistic-goals-for-surface-renewal,https://francielesofiati.com,Home,200,follow,breadcrumb
https://francielesofiati.com/en/blog/microdermabrasion-realistic-goals-for-surface-renewal,https://francielesofiati.com/en/blog,Journal,200,follow,breadcrumb
https://francielesofiati.com/en/blog/microdermabrasion-realistic-goals-for-surface-renewal,https://francielesofiati.com/servicos/peeling-de-cristal-microdermoabrasao,View related treatment →,200,follow,contextual
https://francielesofiati.com/en/blog/microdermabrasion-realistic-goals-for-surface-renewal,https://francielesofiati.com/consulta,Book a consultation in Londrina,200,follow,contextual
https://francielesofiati.com/en/blog/microdermabrasion-realistic-goals-for-surface-renewal,https://francielesofiati.com/servicos/peeling-de-cristal-microdermoabrasao,Explore the related treatment,200,follow,contextual
https://francielesofiati.com/blog/microdermoabrasao-objetivos-realistas,https://francielesofiati.com,Início,200,follow,breadcrumb
https://francielesofiati.com/blog/microdermoabrasao-objetivos-realistas,https://francielesofiati.com/blog,Journal,200,follow,breadcrumb
https://francielesofiati.com/blog/microdermoabrasao-objetivos-realistas,https://francielesofiati.com/servicos/peeling-de-cristal-microdermoabrasao,Ver serviço relacionado →,200,follow,contextual
https://francielesofiati.com/blog/microdermoabrasao-objetivos-realistas,https://francielesofiati.com/consulta,Agendar avaliação de renovação da pele em Londrina,200,follow,contextual
https://francielesofiati.com/blog/microdermoabrasao-objetivos-realistas,https://francielesofiati.com/servicos/peeling-de-cristal-microdermoabrasao,Conhecer o serviço de renovação da pele,200,follow,contextual
https://francielesofiati.com/en/blog/diamond-tip-exfoliation-what-to-assess-before-seeking-instant-effects,https://francielesofiati.com,Home,200,follow,breadcrumb
https://francielesofiati.com/en/blog/diamond-tip-exfoliation-what-to-assess-before-seeking-instant-effects,https://francielesofiati.com/en/blog,Journal,200,follow,breadcrumb
https://francielesofiati.com/en/blog/diamond-tip-exfoliation-what-to-assess-before-seeking-instant-effects,https://francielesofiati.com/servicos/peeling-de-diamante,View related treatment →,200,follow,contextual
https://francielesofiati.com/en/blog/diamond-tip-exfoliation-what-to-assess-before-seeking-instant-effects,https://francielesofiati.com/consulta,Book a consultation in Londrina,200,follow,contextual
https://francielesofiati.com/en/blog/diamond-tip-exfoliation-what-to-assess-before-seeking-instant-effects,https://francielesofiati.com/servicos/peeling-de-diamante,Explore the related treatment,200,follow,contextual
https://francielesofiati.com/blog/peeling-de-diamante-o-que-avaliar,https://francielesofiati.com,Início,200,follow,breadcrumb
https://francielesofiati.com/blog/peeling-de-diamante-o-que-avaliar,https://francielesofiati.com/blog,Journal,200,follow,breadcrumb
https://francielesofiati.com/blog/peeling-de-diamante-o-que-avaliar,https://francielesofiati.com/servicos/peeling-de-diamante,Ver serviço relacionado →,200,follow,contextual
https://francielesofiati.com/blog/peeling-de-diamante-o-que-avaliar,https://francielesofiati.com/consulta,Agendar avaliação de renovação da pele em Londrina,200,follow,contextual
https://francielesofiati.com/blog/peeling-de-diamante-o-que-avaliar,https://francielesofiati.com/servicos/peeling-de-diamante,Conhecer o serviço de renovação da pele,200,follow,contextual
https://francielesofiati.com/en/blog/ultrasonic-exfoliation-where-it-can-fit-within-thoughtful-care,https://francielesofiati.com,Home,200,follow,breadcrumb
https://francielesofiati.com/en/blog/ultrasonic-exfoliation-where-it-can-fit-within-thoughtful-care,https://francielesofiati.com/en/blog,Journal,200,follow,breadcrumb
https://francielesofiati.com/en/blog/ultrasonic-exfoliation-where-it-can-fit-within-thoughtful-care,https://francielesofiati.com/servicos/peeling-ultrassonico,View related treatment →,200,follow,contextual
https://francielesofiati.com/en/blog/ultrasonic-exfoliation-where-it-can-fit-within-thoughtful-care,https://francielesofiati.com/consulta,Book a consultation in Londrina,200,follow,contextual
https://francielesofiati.com/en/blog/ultrasonic-exfoliation-where-it-can-fit-within-thoughtful-care,https://francielesofiati.com/servicos/peeling-ultrassonico,Explore the related treatment,200,follow,contextual
https://francielesofiati.com/blog/peeling-ultrassonico-em-uma-rotina,https://francielesofiati.com,Início,200,follow,breadcrumb
https://francielesofiati.com/blog/peeling-ultrassonico-em-uma-rotina,https://francielesofiati.com/blog,Journal,200,follow,breadcrumb
https://francielesofiati.com/blog/peeling-ultrassonico-em-uma-rotina,https://francielesofiati.com/servicos/peeling-ultrassonico,Ver serviço relacionado →,200,follow,contextual
https://francielesofiati.com/blog/peeling-ultrassonico-em-uma-rotina,https://francielesofiati.com/consulta,Agendar avaliação de renovação da pele em Londrina,200,follow,contextual
https://francielesofiati.com/blog/peeling-ultrassonico-em-uma-rotina,https://francielesofiati.com/servicos/peeling-ultrassonico,Conhecer o serviço de renovação da pele,200,follow,contextual
https://francielesofiati.com/en/blog/retinoic-peels-recovery-planning-starts-before-application,https://francielesofiati.com,Home,200,follow,breadcrumb
https://francielesofiati.com/en/blog/retinoic-peels-recovery-planning-starts-before-application,https://francielesofiati.com/en/blog,Journal,200,follow,breadcrumb
https://francielesofiati.com/en/blog/retinoic-peels-recovery-planning-starts-before-application,https://francielesofiati.com/servicos/peeling-retinoico,View related treatment →,200,follow,contextual
https://francielesofiati.com/en/blog/retinoic-peels-recovery-planning-starts-before-application,https://francielesofiati.com/consulta,Book a consultation in Londrina,200,follow,contextual
https://francielesofiati.com/en/blog/retinoic-peels-recovery-planning-starts-before-application,https://francielesofiati.com/servicos/peeling-retinoico,Explore the related treatment,200,follow,contextual
https://francielesofiati.com/blog/peeling-retinoico-recuperacao-planejada,https://francielesofiati.com,Início,200,follow,breadcrumb
https://francielesofiati.com/blog/peeling-retinoico-recuperacao-planejada,https://francielesofiati.com/blog,Journal,200,follow,breadcrumb
https://francielesofiati.com/blog/peeling-retinoico-recuperacao-planejada,https://francielesofiati.com/servicos/peeling-retinoico,Ver serviço relacionado →,200,follow,contextual
https://francielesofiati.com/blog/peeling-retinoico-recuperacao-planejada,https://francielesofiati.com/consulta,Agendar avaliação de renovação da pele em Londrina,200,follow,contextual
https://francielesofiati.com/blog/peeling-retinoico-recuperacao-planejada,https://francielesofiati.com/servicos/peeling-retinoico,Conhecer o serviço de renovação da pele,200,follow,contextual
https://francielesofiati.com/en/blog/jessner-peels-indication-and-caution-before-chasing-peeling,https://francielesofiati.com,Home,200,follow,breadcrumb
https://francielesofiati.com/en/blog/jessner-peels-indication-and-caution-before-chasing-peeling,https://francielesofiati.com/en/blog,Journal,200,follow,breadcrumb
https://francielesofiati.com/en/blog/jessner-peels-indication-and-caution-before-chasing-peeling,https://francielesofiati.com/servicos/peeling-de-jessner,View related treatment →,200,follow,contextual
https://francielesofiati.com/en/blog/jessner-peels-indication-and-caution-before-chasing-peeling,https://francielesofiati.com/consulta,Book a consultation in Londrina,200,follow,contextual
https://francielesofiati.com/en/blog/jessner-peels-indication-and-caution-before-chasing-peeling,https://francielesofiati.com/servicos/peeling-de-jessner,Explore the related treatment,200,follow,contextual
https://francielesofiati.com/blog/peeling-de-jessner-cautela-e-indicacao,https://francielesofiati.com,Início,200,follow,breadcrumb
https://francielesofiati.com/blog/peeling-de-jessner-cautela-e-indicacao,https://francielesofiati.com/blog,Journal,200,follow,breadcrumb
https://francielesofiati.com/blog/peeling-de-jessner-cautela-e-indicacao,https://francielesofiati.com/servicos/peeling-de-jessner,Ver serviço relacionado →,200,follow,contextual
https://francielesofiati.com/blog/peeling-de-jessner-cautela-e-indicacao,https://francielesofiati.com/consulta,Agendar avaliação de renovação da pele em Londrina,200,follow,contextual
https://francielesofiati.com/blog/peeling-de-jessner-cautela-e-indicacao,https://francielesofiati.com/servicos/peeling-de-jessner,Conhecer o serviço de renovação da pele,200,follow,contextual
https://francielesofiati.com/en/blog/laser-and-tanned-skin-why-waiting-can-be-the-safer-choice,https://francielesofiati.com,Home,200,follow,breadcrumb
https://francielesofiati.com/en/blog/laser-and-tanned-skin-why-waiting-can-be-the-safer-choice,https://francielesofiati.com/en/blog,Journal,200,follow,breadcrumb
https://francielesofiati.com/en/blog/laser-and-tanned-skin-why-waiting-can-be-the-safer-choice,https://francielesofiati.com/servicos/plataforma-harmony-de-laser-e-luz,View related treatment →,200,follow,contextual
https://francielesofiati.com/en/blog/laser-and-tanned-skin-why-waiting-can-be-the-safer-choice,https://francielesofiati.com/consulta,Book a consultation in Londrina,200,follow,contextual
https://francielesofiati.com/en/blog/laser-and-tanned-skin-why-waiting-can-be-the-safer-choice,https://francielesofiati.com/servicos/plataforma-harmony-de-laser-e-luz,Explore the related treatment,200,follow,contextual
https://francielesofiati.com/blog/laser-e-pele-bronzeada,https://francielesofiati.com,Início,200,follow,breadcrumb
https://francielesofiati.com/blog/laser-e-pele-bronzeada,https://francielesofiati.com/blog,Journal,200,follow,breadcrumb
https://francielesofiati.com/blog/laser-e-pele-bronzeada,https://francielesofiati.com/servicos/plataforma-harmony-de-laser-e-luz,Ver serviço relacionado →,200,follow,contextual
https://francielesofiati.com/blog/laser-e-pele-bronzeada,https://francielesofiati.com/consulta,Agendar avaliação de laser e tecnologia em Londrina,200,follow,contextual
https://francielesofiati.com/blog/laser-e-pele-bronzeada,https://francielesofiati.com/servicos/plataforma-harmony-de-laser-e-luz,Conhecer o serviço de laser e tecnologia,200,follow,contextual
https://francielesofiati.com/en/blog/facial-laser-hair-removal-why-hormonal-context-belongs-in-the-conversation,https://francielesofiati.com,Home,200,follow,breadcrumb
https://francielesofiati.com/en/blog/facial-laser-hair-removal-why-hormonal-context-belongs-in-the-conversation,https://francielesofiati.com/en/blog,Journal,200,follow,breadcrumb
https://francielesofiati.com/en/blog/facial-laser-hair-removal-why-hormonal-context-belongs-in-the-conversation,https://francielesofiati.com/servicos/reducao-de-pelos-a-laser-com-lightsheer-duet,View related treatment →,200,follow,contextual
https://francielesofiati.com/en/blog/facial-laser-hair-removal-why-hormonal-context-belongs-in-the-conversation,https://francielesofiati.com/consulta,Book a consultation in Londrina,200,follow,contextual
https://francielesofiati.com/en/blog/facial-laser-hair-removal-why-hormonal-context-belongs-in-the-conversation,https://francielesofiati.com/servicos/reducao-de-pelos-a-laser-com-lightsheer-duet,Explore the related treatment,200,follow,contextual
https://francielesofiati.com/blog/depilacao-laser-rosto-e-hormonios,https://francielesofiati.com,Início,200,follow,breadcrumb
https://francielesofiati.com/blog/depilacao-laser-rosto-e-hormonios,https://francielesofiati.com/blog,Journal,200,follow,breadcrumb
https://francielesofiati.com/blog/depilacao-laser-rosto-e-hormonios,https://francielesofiati.com/servicos/reducao-de-pelos-a-laser-com-lightsheer-duet,Ver serviço relacionado →,200,follow,contextual
https://francielesofiati.com/blog/depilacao-laser-rosto-e-hormonios,https://francielesofiati.com/consulta,Avaliar depilação a laser em Londrina,200,follow,contextual
https://francielesofiati.com/blog/depilacao-laser-rosto-e-hormonios,https://francielesofiati.com/servicos/reducao-de-pelos-a-laser-com-lightsheer-duet,Entender o preparo para o laser,200,follow,contextual
https://francielesofiati.com/en/blog/laser-hair-removal-intervals-what-the-hair-cycle-explains,https://francielesofiati.com,Home,200,follow,breadcrumb
https://francielesofiati.com/en/blog/laser-hair-removal-intervals-what-the-hair-cycle-explains,https://francielesofiati.com/en/blog,Journal,200,follow,breadcrumb
https://francielesofiati.com/en/blog/laser-hair-removal-intervals-what-the-hair-cycle-explains,https://francielesofiati.com/servicos/reducao-de-pelos-a-laser-com-lightsheer-duet,View related treatment →,200,follow,contextual
https://francielesofiati.com/en/blog/laser-hair-removal-intervals-what-the-hair-cycle-explains,https://francielesofiati.com/consulta,Book a consultation in Londrina,200,follow,contextual
https://francielesofiati.com/en/blog/laser-hair-removal-intervals-what-the-hair-cycle-explains,https://francielesofiati.com/servicos/reducao-de-pelos-a-laser-com-lightsheer-duet,Explore the related treatment,200,follow,contextual
https://francielesofiati.com/blog/depilacao-laser-intervalos-e-ciclo,https://francielesofiati.com,Início,200,follow,breadcrumb
https://francielesofiati.com/blog/depilacao-laser-intervalos-e-ciclo,https://francielesofiati.com/blog,Journal,200,follow,breadcrumb
https://francielesofiati.com/blog/depilacao-laser-intervalos-e-ciclo,https://francielesofiati.com/servicos/reducao-de-pelos-a-laser-com-lightsheer-duet,Ver serviço relacionado →,200,follow,contextual
https://francielesofiati.com/blog/depilacao-laser-intervalos-e-ciclo,https://francielesofiati.com/consulta,Avaliar depilação a laser em Londrina,200,follow,contextual
https://francielesofiati.com/blog/depilacao-laser-intervalos-e-ciclo,https://francielesofiati.com/servicos/reducao-de-pelos-a-laser-com-lightsheer-duet,Entender o preparo para o laser,200,follow,contextual
https://francielesofiati.com/en/blog/co2-laser-and-important-events-planning-without-someone-elses-calendar,https://francielesofiati.com,Home,200,follow,breadcrumb
https://francielesofiati.com/en/blog/co2-laser-and-important-events-planning-without-someone-elses-calendar,https://francielesofiati.com/en/blog,Journal,200,follow,breadcrumb
https://francielesofiati.com/en/blog/co2-laser-and-important-events-planning-without-someone-elses-calendar,https://francielesofiati.com/servicos/laser-acupulse-co2,View related treatment →,200,follow,contextual
https://francielesofiati.com/en/blog/co2-laser-and-important-events-planning-without-someone-elses-calendar,https://francielesofiati.com/consulta,Book a consultation in Londrina,200,follow,contextual
https://francielesofiati.com/en/blog/co2-laser-and-important-events-planning-without-someone-elses-calendar,https://francielesofiati.com/servicos/laser-acupulse-co2,Explore the related treatment,200,follow,contextual
https://francielesofiati.com/blog/laser-co2-e-eventos-importantes,https://francielesofiati.com,Início,200,follow,breadcrumb
https://francielesofiati.com/blog/laser-co2-e-eventos-importantes,https://francielesofiati.com/blog,Journal,200,follow,breadcrumb
https://francielesofiati.com/blog/laser-co2-e-eventos-importantes,https://francielesofiati.com/servicos/laser-acupulse-co2,Ver serviço relacionado →,200,follow,contextual
https://francielesofiati.com/blog/laser-co2-e-eventos-importantes,https://francielesofiati.com/consulta,Conversar sobre laser CO₂ em Londrina,200,follow,contextual
https://francielesofiati.com/blog/laser-co2-e-eventos-importantes,https://francielesofiati.com/servicos/laser-acupulse-co2,Ver cuidados antes e depois do laser,200,follow,contextual
https://francielesofiati.com/en/blog/after-co2-laser-sun-protection-is-recovery-not-an-afterthought,https://francielesofiati.com,Home,200,follow,breadcrumb
https://francielesofiati.com/en/blog/after-co2-laser-sun-protection-is-recovery-not-an-afterthought,https://francielesofiati.com/en/blog,Journal,200,follow,breadcrumb
https://francielesofiati.com/en/blog/after-co2-laser-sun-protection-is-recovery-not-an-afterthought,https://francielesofiati.com/servicos/laser-acupulse-co2,View related treatment →,200,follow,contextual
https://francielesofiati.com/en/blog/after-co2-laser-sun-protection-is-recovery-not-an-afterthought,https://francielesofiati.com/consulta,Book a consultation in Londrina,200,follow,contextual
https://francielesofiati.com/en/blog/after-co2-laser-sun-protection-is-recovery-not-an-afterthought,https://francielesofiati.com/servicos/laser-acupulse-co2,Explore the related treatment,200,follow,contextual
https://francielesofiati.com/blog/laser-co2-e-fotoprotecao-pos,https://francielesofiati.com,Início,200,follow,breadcrumb
https://francielesofiati.com/blog/laser-co2-e-fotoprotecao-pos,https://francielesofiati.com/blog,Journal,200,follow,breadcrumb
https://francielesofiati.com/blog/laser-co2-e-fotoprotecao-pos,https://francielesofiati.com/servicos/laser-acupulse-co2,Ver serviço relacionado →,200,follow,contextual
https://francielesofiati.com/blog/laser-co2-e-fotoprotecao-pos,https://francielesofiati.com/consulta,Conversar sobre laser CO₂ em Londrina,200,follow,contextual
https://francielesofiati.com/blog/laser-co2-e-fotoprotecao-pos,https://francielesofiati.com/servicos/laser-acupulse-co2,Ver cuidados antes e depois do laser,200,follow,contextual
https://francielesofiati.com/en/blog/laser-and-acne-scars-why-a-technology-name-does-not-decide-suitability,https://francielesofiati.com,Home,200,follow,breadcrumb
https://francielesofiati.com/en/blog/laser-and-acne-scars-why-a-technology-name-does-not-decide-suitability,https://francielesofiati.com/en/blog,Journal,200,follow,breadcrumb
https://francielesofiati.com/en/blog/laser-and-acne-scars-why-a-technology-name-does-not-decide-suitability,https://francielesofiati.com/servicos/laser-acupulse-co2,View related treatment →,200,follow,contextual
https://francielesofiati.com/en/blog/laser-and-acne-scars-why-a-technology-name-does-not-decide-suitability,https://francielesofiati.com/consulta,Book a consultation in Londrina,200,follow,contextual
https://francielesofiati.com/en/blog/laser-and-acne-scars-why-a-technology-name-does-not-decide-suitability,https://francielesofiati.com/servicos/laser-acupulse-co2,Explore the related treatment,200,follow,contextual
https://francielesofiati.com/blog/laser-e-cicatrizes-de-acne,https://francielesofiati.com,Início,200,follow,breadcrumb
https://francielesofiati.com/blog/laser-e-cicatrizes-de-acne,https://francielesofiati.com/blog,Journal,200,follow,breadcrumb
https://francielesofiati.com/blog/laser-e-cicatrizes-de-acne,https://francielesofiati.com/servicos/laser-acupulse-co2,Ver serviço relacionado →,200,follow,contextual
https://francielesofiati.com/blog/laser-e-cicatrizes-de-acne,https://francielesofiati.com/consulta,Conversar sobre laser CO₂ em Londrina,200,follow,contextual
https://francielesofiati.com/blog/laser-e-cicatrizes-de-acne,https://francielesofiati.com/servicos/laser-acupulse-co2,Ver cuidados antes e depois do laser,200,follow,contextual
https://francielesofiati.com/en/blog/intense-pulsed-light-why-skin-goals-and-season-all-matter,https://francielesofiati.com,Home,200,follow,breadcrumb
https://francielesofiati.com/en/blog/intense-pulsed-light-why-skin-goals-and-season-all-matter,https://francielesofiati.com/en/blog,Journal,200,follow,breadcrumb
https://francielesofiati.com/en/blog/intense-pulsed-light-why-skin-goals-and-season-all-matter,https://francielesofiati.com/servicos/plataforma-harmony-de-laser-e-luz,View related treatment →,200,follow,contextual
https://francielesofiati.com/en/blog/intense-pulsed-light-why-skin-goals-and-season-all-matter,https://francielesofiati.com/consulta,Book a consultation in Londrina,200,follow,contextual
https://francielesofiati.com/en/blog/intense-pulsed-light-why-skin-goals-and-season-all-matter,https://francielesofiati.com/servicos/plataforma-harmony-de-laser-e-luz,Explore the related treatment,200,follow,contextual
https://francielesofiati.com/blog/luz-intensa-pulsada-e-avaliacao,https://francielesofiati.com,Início,200,follow,breadcrumb
https://francielesofiati.com/blog/luz-intensa-pulsada-e-avaliacao,https://francielesofiati.com/blog,Journal,200,follow,breadcrumb
https://francielesofiati.com/blog/luz-intensa-pulsada-e-avaliacao,https://francielesofiati.com/servicos/plataforma-harmony-de-laser-e-luz,Ver serviço relacionado →,200,follow,contextual
https://francielesofiati.com/blog/luz-intensa-pulsada-e-avaliacao,https://francielesofiati.com/consulta,Agendar avaliação de laser e tecnologia em Londrina,200,follow,contextual
https://francielesofiati.com/blog/luz-intensa-pulsada-e-avaliacao,https://francielesofiati.com/servicos/plataforma-harmony-de-laser-e-luz,Conhecer o serviço de laser e tecnologia,200,follow,contextual
https://francielesofiati.com/en/blog/radiofrequency-and-collagen-why-time-belongs-in-the-expectation,https://francielesofiati.com,Home,200,follow,breadcrumb
https://francielesofiati.com/en/blog/radiofrequency-and-collagen-why-time-belongs-in-the-expectation,https://francielesofiati.com/en/blog,Journal,200,follow,breadcrumb
https://francielesofiati.com/en/blog/radiofrequency-and-collagen-why-time-belongs-in-the-expectation,https://francielesofiati.com/servicos/radiofrequencia,View related treatment →,200,follow,contextual
https://francielesofiati.com/en/blog/radiofrequency-and-collagen-why-time-belongs-in-the-expectation,https://francielesofiati.com/consulta,Book a consultation in Londrina,200,follow,contextual
https://francielesofiati.com/en/blog/radiofrequency-and-collagen-why-time-belongs-in-the-expectation,https://francielesofiati.com/servicos/radiofrequencia,Explore the related treatment,200,follow,contextual
https://francielesofiati.com/blog/radiofrequencia-e-colageno-tempo,https://francielesofiati.com,Início,200,follow,breadcrumb
https://francielesofiati.com/blog/radiofrequencia-e-colageno-tempo,https://francielesofiati.com/blog,Journal,200,follow,breadcrumb
https://francielesofiati.com/blog/radiofrequencia-e-colageno-tempo,https://francielesofiati.com/servicos/radiofrequencia,Ver serviço relacionado →,200,follow,contextual
https://francielesofiati.com/blog/radiofrequencia-e-colageno-tempo,https://francielesofiati.com/consulta,Agendar avaliação de laser e tecnologia em Londrina,200,follow,contextual
https://francielesofiati.com/blog/radiofrequencia-e-colageno-tempo,https://francielesofiati.com/servicos/radiofrequencia,Conhecer o serviço de laser e tecnologia,200,follow,contextual
https://francielesofiati.com/en/blog/ultraformer-mpt-clear-goals-before-talking-about-lifting,https://francielesofiati.com,Home,200,follow,breadcrumb
https://francielesofiati.com/en/blog/ultraformer-mpt-clear-goals-before-talking-about-lifting,https://francielesofiati.com/en/blog,Journal,200,follow,breadcrumb
https://francielesofiati.com/en/blog/ultraformer-mpt-clear-goals-before-talking-about-lifting,https://francielesofiati.com/servicos/ultraformer-mpt,View related treatment →,200,follow,contextual
https://francielesofiati.com/en/blog/ultraformer-mpt-clear-goals-before-talking-about-lifting,https://francielesofiati.com/consulta,Book a consultation in Londrina,200,follow,contextual
https://francielesofiati.com/en/blog/ultraformer-mpt-clear-goals-before-talking-about-lifting,https://francielesofiati.com/servicos/ultraformer-mpt,Explore the related treatment,200,follow,contextual
https://francielesofiati.com/blog/ultraformer-mpt-e-objetivos,https://francielesofiati.com,Início,200,follow,breadcrumb
https://francielesofiati.com/blog/ultraformer-mpt-e-objetivos,https://francielesofiati.com/blog,Journal,200,follow,breadcrumb
https://francielesofiati.com/blog/ultraformer-mpt-e-objetivos,https://francielesofiati.com/servicos/ultraformer-mpt,Ver serviço relacionado →,200,follow,contextual
https://francielesofiati.com/blog/ultraformer-mpt-e-objetivos,https://francielesofiati.com/consulta,Agendar avaliação de laser e tecnologia em Londrina,200,follow,contextual
https://francielesofiati.com/blog/ultraformer-mpt-e-objetivos,https://francielesofiati.com/servicos/ultraformer-mpt,Conhecer o serviço de laser e tecnologia,200,follow,contextual
https://francielesofiati.com/en/blog/plasma-technology-why-assessment-and-aftercare-cannot-be-shortcuts,https://francielesofiati.com,Home,200,follow,breadcrumb
https://francielesofiati.com/en/blog/plasma-technology-why-assessment-and-aftercare-cannot-be-shortcuts,https://francielesofiati.com/en/blog,Journal,200,follow,breadcrumb
https://francielesofiati.com/en/blog/plasma-technology-why-assessment-and-aftercare-cannot-be-shortcuts,https://francielesofiati.com/servicos/tecnologia-de-plasma,View related treatment →,200,follow,contextual
https://francielesofiati.com/en/blog/plasma-technology-why-assessment-and-aftercare-cannot-be-shortcuts,https://francielesofiati.com/consulta,Book a consultation in Londrina,200,follow,contextual
https://francielesofiati.com/en/blog/plasma-technology-why-assessment-and-aftercare-cannot-be-shortcuts,https://francielesofiati.com/servicos/tecnologia-de-plasma,Explore the related treatment,200,follow,contextual
https://francielesofiati.com/blog/tecnologia-de-plasma-antes-de-decidir,https://francielesofiati.com,Início,200,follow,breadcrumb
https://francielesofiati.com/blog/tecnologia-de-plasma-antes-de-decidir,https://francielesofiati.com/blog,Journal,200,follow,breadcrumb
https://francielesofiati.com/blog/tecnologia-de-plasma-antes-de-decidir,https://francielesofiati.com/servicos/tecnologia-de-plasma,Ver serviço relacionado →,200,follow,contextual
https://francielesofiati.com/blog/tecnologia-de-plasma-antes-de-decidir,https://francielesofiati.com/consulta,Agendar avaliação de laser e tecnologia em Londrina,200,follow,contextual
https://francielesofiati.com/blog/tecnologia-de-plasma-antes-de-decidir,https://francielesofiati.com/servicos/tecnologia-de-plasma,Conhecer o serviço de laser e tecnologia,200,follow,contextual
https://francielesofiati.com/en/blog/visible-small-vessels-appearance-symptoms-and-assessment-are-not-the-same,https://francielesofiati.com,Home,200,follow,breadcrumb
https://francielesofiati.com/en/blog/visible-small-vessels-appearance-symptoms-and-assessment-are-not-the-same,https://francielesofiati.com/en/blog,Journal,200,follow,breadcrumb
https://francielesofiati.com/en/blog/visible-small-vessels-appearance-symptoms-and-assessment-are-not-the-same,https://francielesofiati.com/servicos/peim-tratamento-estetico-para-microvasos,View related treatment →,200,follow,contextual
https://francielesofiati.com/en/blog/visible-small-vessels-appearance-symptoms-and-assessment-are-not-the-same,https://francielesofiati.com/consulta,Book a consultation in Londrina,200,follow,contextual
https://francielesofiati.com/en/blog/visible-small-vessels-appearance-symptoms-and-assessment-are-not-the-same,https://francielesofiati.com/servicos/peim-tratamento-estetico-para-microvasos,Explore the related treatment,200,follow,contextual
https://francielesofiati.com/blog/microvasos-queixas-e-avaliacao,https://francielesofiati.com,Início,200,follow,breadcrumb
https://francielesofiati.com/blog/microvasos-queixas-e-avaliacao,https://francielesofiati.com/blog,Journal,200,follow,breadcrumb
https://francielesofiati.com/blog/microvasos-queixas-e-avaliacao,https://francielesofiati.com/servicos/peim-tratamento-estetico-para-microvasos,Ver serviço relacionado →,200,follow,contextual
https://francielesofiati.com/blog/microvasos-queixas-e-avaliacao,https://francielesofiati.com/consulta,Avaliar microvasos em Londrina,200,follow,contextual
https://francielesofiati.com/blog/microvasos-queixas-e-avaliacao,https://francielesofiati.com/servicos/peim-tratamento-estetico-para-microvasos,Entender quando investigar vasos,200,follow,contextual
https://francielesofiati.com/en/blog/peim-information-that-matters-before-treating-small-vessels,https://francielesofiati.com,Home,200,follow,breadcrumb
https://francielesofiati.com/en/blog/peim-information-that-matters-before-treating-small-vessels,https://francielesofiati.com/en/blog,Journal,200,follow,breadcrumb
https://francielesofiati.com/en/blog/peim-information-that-matters-before-treating-small-vessels,https://francielesofiati.com/servicos/peim-tratamento-estetico-para-microvasos,View related treatment →,200,follow,contextual
https://francielesofiati.com/en/blog/peim-information-that-matters-before-treating-small-vessels,https://francielesofiati.com/consulta,Book a consultation in Londrina,200,follow,contextual
https://francielesofiati.com/en/blog/peim-information-that-matters-before-treating-small-vessels,https://francielesofiati.com/servicos/peim-tratamento-estetico-para-microvasos,Explore the related treatment,200,follow,contextual
https://francielesofiati.com/blog/peim-o-que-informar-antes,https://francielesofiati.com,Início,200,follow,breadcrumb
https://francielesofiati.com/blog/peim-o-que-informar-antes,https://francielesofiati.com/blog,Journal,200,follow,breadcrumb
https://francielesofiati.com/blog/peim-o-que-informar-antes,https://francielesofiati.com/servicos/peim-tratamento-estetico-para-microvasos,Ver serviço relacionado →,200,follow,contextual
https://francielesofiati.com/blog/peim-o-que-informar-antes,https://francielesofiati.com/consulta,Avaliar microvasos em Londrina,200,follow,contextual
https://francielesofiati.com/blog/peim-o-que-informar-antes,https://francielesofiati.com/servicos/peim-tratamento-estetico-para-microvasos,Entender quando investigar vasos,200,follow,contextual
https://francielesofiati.com/en/blog/a-first-botulinum-toxin-consultation-movement-priorities-and-limits,https://francielesofiati.com,Home,200,follow,breadcrumb
https://francielesofiati.com/en/blog/a-first-botulinum-toxin-consultation-movement-priorities-and-limits,https://francielesofiati.com/en/blog,Journal,200,follow,breadcrumb
https://francielesofiati.com/en/blog/a-first-botulinum-toxin-consultation-movement-priorities-and-limits,https://francielesofiati.com/servicos/toxina-botulinica-terco-superior-da-face,View related treatment →,200,follow,contextual
https://francielesofiati.com/en/blog/a-first-botulinum-toxin-consultation-movement-priorities-and-limits,https://francielesofiati.com/consulta,Book a consultation in Londrina,200,follow,contextual
https://francielesofiati.com/en/blog/a-first-botulinum-toxin-consultation-movement-priorities-and-limits,https://francielesofiati.com/servicos/toxina-botulinica-terco-superior-da-face,Explore the related treatment,200,follow,contextual
https://francielesofiati.com/blog/toxina-botulinica-primeira-consulta,https://francielesofiati.com,Início,200,follow,breadcrumb
https://francielesofiati.com/blog/toxina-botulinica-primeira-consulta,https://francielesofiati.com/blog,Journal,200,follow,breadcrumb
https://francielesofiati.com/blog/toxina-botulinica-primeira-consulta,https://francielesofiati.com/servicos/toxina-botulinica-terco-superior-da-face,Ver serviço relacionado →,200,follow,contextual
https://francielesofiati.com/blog/toxina-botulinica-primeira-consulta,https://francielesofiati.com/consulta,Planejar toxina botulínica com naturalidade,200,follow,contextual
https://francielesofiati.com/blog/toxina-botulinica-primeira-consulta,https://francielesofiati.com/servicos/toxina-botulinica-terco-superior-da-face,Conhecer o planejamento facial,200,follow,contextual
https://francielesofiati.com/en/blog/botulinum-toxin-and-asymmetry-observation-is-not-a-promise-of-perfection,https://francielesofiati.com,Home,200,follow,breadcrumb
https://francielesofiati.com/en/blog/botulinum-toxin-and-asymmetry-observation-is-not-a-promise-of-perfection,https://francielesofiati.com/en/blog,Journal,200,follow,breadcrumb
https://francielesofiati.com/en/blog/botulinum-toxin-and-asymmetry-observation-is-not-a-promise-of-perfection,https://francielesofiati.com/servicos/toxina-botulinica-terco-superior-da-face,View related treatment →,200,follow,contextual
https://francielesofiati.com/en/blog/botulinum-toxin-and-asymmetry-observation-is-not-a-promise-of-perfection,https://francielesofiati.com/consulta,Book a consultation in Londrina,200,follow,contextual
https://francielesofiati.com/en/blog/botulinum-toxin-and-asymmetry-observation-is-not-a-promise-of-perfection,https://francielesofiati.com/servicos/toxina-botulinica-terco-superior-da-face,Explore the related treatment,200,follow,contextual
https://francielesofiati.com/blog/toxina-botulinica-e-assimetrias,https://francielesofiati.com,Início,200,follow,breadcrumb
https://francielesofiati.com/blog/toxina-botulinica-e-assimetrias,https://francielesofiati.com/blog,Journal,200,follow,breadcrumb
https://francielesofiati.com/blog/toxina-botulinica-e-assimetrias,https://francielesofiati.com/servicos/toxina-botulinica-terco-superior-da-face,Ver serviço relacionado →,200,follow,contextual
https://francielesofiati.com/blog/toxina-botulinica-e-assimetrias,https://francielesofiati.com/consulta,Planejar toxina botulínica com naturalidade,200,follow,contextual
https://francielesofiati.com/blog/toxina-botulinica-e-assimetrias,https://francielesofiati.com/servicos/toxina-botulinica-terco-superior-da-face,Conhecer o planejamento facial,200,follow,contextual
https://francielesofiati.com/en/blog/the-lower-face-a-careful-conversation-about-movement-and-contour,https://francielesofiati.com,Home,200,follow,breadcrumb
https://francielesofiati.com/en/blog/the-lower-face-a-careful-conversation-about-movement-and-contour,https://francielesofiati.com/en/blog,Journal,200,follow,breadcrumb
https://francielesofiati.com/en/blog/the-lower-face-a-careful-conversation-about-movement-and-contour,https://francielesofiati.com/servicos/toxina-botulinica-platisma-e-terco-inferior,View related treatment →,200,follow,contextual
https://francielesofiati.com/en/blog/the-lower-face-a-careful-conversation-about-movement-and-contour,https://francielesofiati.com/consulta,Book a consultation in Londrina,200,follow,contextual
https://francielesofiati.com/en/blog/the-lower-face-a-careful-conversation-about-movement-and-contour,https://francielesofiati.com/servicos/toxina-botulinica-platisma-e-terco-inferior,Explore the related treatment,200,follow,contextual
https://francielesofiati.com/blog/terco-inferior-da-face-conversa-cuidadosa,https://francielesofiati.com,Início,200,follow,breadcrumb
https://francielesofiati.com/blog/terco-inferior-da-face-conversa-cuidadosa,https://francielesofiati.com/blog,Journal,200,follow,breadcrumb
https://francielesofiati.com/blog/terco-inferior-da-face-conversa-cuidadosa,https://francielesofiati.com/servicos/toxina-botulinica-platisma-e-terco-inferior,Ver serviço relacionado →,200,follow,contextual
https://francielesofiati.com/blog/terco-inferior-da-face-conversa-cuidadosa,https://francielesofiati.com/consulta,Agendar avaliação de planejamento facial em Londrina,200,follow,contextual
https://francielesofiati.com/blog/terco-inferior-da-face-conversa-cuidadosa,https://francielesofiati.com/servicos/toxina-botulinica-platisma-e-terco-inferior,Conhecer o serviço de planejamento facial,200,follow,contextual
https://francielesofiati.com/en/blog/natural-looking-facial-planning-proportion-not-trend,https://francielesofiati.com,Home,200,follow,breadcrumb
https://francielesofiati.com/en/blog/natural-looking-facial-planning-proportion-not-trend,https://francielesofiati.com/en/blog,Journal,200,follow,breadcrumb
https://francielesofiati.com/en/blog/natural-looking-facial-planning-proportion-not-trend,https://francielesofiati.com/servicos/toxina-botulinica-terco-superior-da-face,View related treatment →,200,follow,contextual
https://francielesofiati.com/en/blog/natural-looking-facial-planning-proportion-not-trend,https://francielesofiati.com/consulta,Book a consultation in Londrina,200,follow,contextual
https://francielesofiati.com/en/blog/natural-looking-facial-planning-proportion-not-trend,https://francielesofiati.com/servicos/toxina-botulinica-terco-superior-da-face,Explore the related treatment,200,follow,contextual
https://francielesofiati.com/blog/naturalidade-e-planejamento-facial,https://francielesofiati.com,Início,200,follow,breadcrumb
https://francielesofiati.com/blog/naturalidade-e-planejamento-facial,https://francielesofiati.com/blog,Journal,200,follow,breadcrumb
https://francielesofiati.com/blog/naturalidade-e-planejamento-facial,https://francielesofiati.com/servicos/toxina-botulinica-terco-superior-da-face,Ver serviço relacionado →,200,follow,contextual
https://francielesofiati.com/blog/naturalidade-e-planejamento-facial,https://francielesofiati.com/consulta,Planejar toxina botulínica com naturalidade,200,follow,contextual
https://francielesofiati.com/blog/naturalidade-e-planejamento-facial,https://francielesofiati.com/servicos/toxina-botulinica-terco-superior-da-face,Conhecer o planejamento facial,200,follow,contextual
https://francielesofiati.com/en/blog/microneedling-and-pigmentation-why-risk-changes-the-indication,https://francielesofiati.com,Home,200,follow,breadcrumb
https://francielesofiati.com/en/blog/microneedling-and-pigmentation-why-risk-changes-the-indication,https://francielesofiati.com/en/blog,Journal,200,follow,breadcrumb
https://francielesofiati.com/en/blog/microneedling-and-pigmentation-why-risk-changes-the-indication,https://francielesofiati.com/servicos/microagulhamento,View related treatment →,200,follow,contextual
https://francielesofiati.com/en/blog/microneedling-and-pigmentation-why-risk-changes-the-indication,https://francielesofiati.com/consulta,Book a consultation in Londrina,200,follow,contextual
https://francielesofiati.com/en/blog/microneedling-and-pigmentation-why-risk-changes-the-indication,https://francielesofiati.com/servicos/microagulhamento,Explore the related treatment,200,follow,contextual
https://francielesofiati.com/blog/microagulhamento-e-manchas,https://francielesofiati.com,Início,200,follow,breadcrumb
https://francielesofiati.com/blog/microagulhamento-e-manchas,https://francielesofiati.com/blog,Journal,200,follow,breadcrumb
https://francielesofiati.com/blog/microagulhamento-e-manchas,https://francielesofiati.com/servicos/microagulhamento,Ver serviço relacionado →,200,follow,contextual
https://francielesofiati.com/blog/microagulhamento-e-manchas,https://francielesofiati.com/consulta,Conversar sobre textura e microagulhamento,200,follow,contextual
https://francielesofiati.com/blog/microagulhamento-e-manchas,https://francielesofiati.com/servicos/microagulhamento,Ver cuidados para textura da pele,200,follow,contextual
https://francielesofiati.com/en/blog/microneedling-with-inflamed-acne-why-a-pause-may-be-part-of-care,https://francielesofiati.com,Home,200,follow,breadcrumb
https://francielesofiati.com/en/blog/microneedling-with-inflamed-acne-why-a-pause-may-be-part-of-care,https://francielesofiati.com/en/blog,Journal,200,follow,breadcrumb
https://francielesofiati.com/en/blog/microneedling-with-inflamed-acne-why-a-pause-may-be-part-of-care,https://francielesofiati.com/servicos/microagulhamento,View related treatment →,200,follow,contextual
https://francielesofiati.com/en/blog/microneedling-with-inflamed-acne-why-a-pause-may-be-part-of-care,https://francielesofiati.com/consulta,Book a consultation in Londrina,200,follow,contextual
https://francielesofiati.com/en/blog/microneedling-with-inflamed-acne-why-a-pause-may-be-part-of-care,https://francielesofiati.com/servicos/microagulhamento,Explore the related treatment,200,follow,contextual
https://francielesofiati.com/blog/microagulhamento-e-acne-inflamada,https://francielesofiati.com,Início,200,follow,breadcrumb
https://francielesofiati.com/blog/microagulhamento-e-acne-inflamada,https://francielesofiati.com/blog,Journal,200,follow,breadcrumb
https://francielesofiati.com/blog/microagulhamento-e-acne-inflamada,https://francielesofiati.com/servicos/microagulhamento,Ver serviço relacionado →,200,follow,contextual
https://francielesofiati.com/blog/microagulhamento-e-acne-inflamada,https://francielesofiati.com/consulta,Conversar sobre textura e microagulhamento,200,follow,contextual
https://francielesofiati.com/blog/microagulhamento-e-acne-inflamada,https://francielesofiati.com/servicos/microagulhamento,Ver cuidados para textura da pele,200,follow,contextual
https://francielesofiati.com/en/blog/hair-shedding-warning-signs-before-choosing-a-protocol,https://francielesofiati.com,Home,200,follow,breadcrumb
https://francielesofiati.com/en/blog/hair-shedding-warning-signs-before-choosing-a-protocol,https://francielesofiati.com/en/blog,Journal,200,follow,breadcrumb
https://francielesofiati.com/en/blog/hair-shedding-warning-signs-before-choosing-a-protocol,https://francielesofiati.com/servicos/mesoterapia-capilar,View related treatment →,200,follow,contextual
https://francielesofiati.com/en/blog/hair-shedding-warning-signs-before-choosing-a-protocol,https://francielesofiati.com/consulta,Book a consultation in Londrina,200,follow,contextual
https://francielesofiati.com/en/blog/hair-shedding-warning-signs-before-choosing-a-protocol,https://francielesofiati.com/servicos/mesoterapia-capilar,Explore the related treatment,200,follow,contextual
https://francielesofiati.com/blog/couros-cabeludo-e-queda-sinais-de-alerta,https://francielesofiati.com,Início,200,follow,breadcrumb
https://francielesofiati.com/blog/couros-cabeludo-e-queda-sinais-de-alerta,https://francielesofiati.com/blog,Journal,200,follow,breadcrumb
https://francielesofiati.com/blog/couros-cabeludo-e-queda-sinais-de-alerta,https://francielesofiati.com/servicos/mesoterapia-capilar,Ver serviço relacionado →,200,follow,contextual
https://francielesofiati.com/blog/couros-cabeludo-e-queda-sinais-de-alerta,https://francielesofiati.com/consulta,Conversar sobre queda e afinamento capilar,200,follow,contextual
https://francielesofiati.com/blog/couros-cabeludo-e-queda-sinais-de-alerta,https://francielesofiati.com/servicos/mesoterapia-capilar,Conhecer cuidados para o couro cabeludo,200,follow,contextual
https://francielesofiati.com/en/blog/hair-thinning-and-photographs-documenting-change-without-rushing-to-conclusions,https://francielesofiati.com,Home,200,follow,breadcrumb
https://francielesofiati.com/en/blog/hair-thinning-and-photographs-documenting-change-without-rushing-to-conclusions,https://francielesofiati.com/en/blog,Journal,200,follow,breadcrumb
https://francielesofiati.com/en/blog/hair-thinning-and-photographs-documenting-change-without-rushing-to-conclusions,https://francielesofiati.com/servicos/mesoterapia-capilar,View related treatment →,200,follow,contextual
https://francielesofiati.com/en/blog/hair-thinning-and-photographs-documenting-change-without-rushing-to-conclusions,https://francielesofiati.com/consulta,Book a consultation in Londrina,200,follow,contextual
https://francielesofiati.com/en/blog/hair-thinning-and-photographs-documenting-change-without-rushing-to-conclusions,https://francielesofiati.com/servicos/mesoterapia-capilar,Explore the related treatment,200,follow,contextual
https://francielesofiati.com/blog/afinamento-capilar-e-fotografias,https://francielesofiati.com,Início,200,follow,breadcrumb
https://francielesofiati.com/blog/afinamento-capilar-e-fotografias,https://francielesofiati.com/blog,Journal,200,follow,breadcrumb
https://francielesofiati.com/blog/afinamento-capilar-e-fotografias,https://francielesofiati.com/servicos/mesoterapia-capilar,Ver serviço relacionado →,200,follow,contextual
https://francielesofiati.com/blog/afinamento-capilar-e-fotografias,https://francielesofiati.com/consulta,Conversar sobre queda e afinamento capilar,200,follow,contextual
https://francielesofiati.com/blog/afinamento-capilar-e-fotografias,https://francielesofiati.com/servicos/mesoterapia-capilar,Conhecer cuidados para o couro cabeludo,200,follow,contextual
https://francielesofiati.com/en/blog/mmp-for-the-scalp-questions-that-come-before-the-technique,https://francielesofiati.com,Home,200,follow,breadcrumb
https://francielesofiati.com/en/blog/mmp-for-the-scalp-questions-that-come-before-the-technique,https://francielesofiati.com/en/blog,Journal,200,follow,breadcrumb
https://francielesofiati.com/en/blog/mmp-for-the-scalp-questions-that-come-before-the-technique,https://francielesofiati.com/servicos/mmp-microinfusao-de-medicamentos-na-pele,View related treatment →,200,follow,contextual
https://francielesofiati.com/en/blog/mmp-for-the-scalp-questions-that-come-before-the-technique,https://francielesofiati.com/consulta,Book a consultation in Londrina,200,follow,contextual
https://francielesofiati.com/en/blog/mmp-for-the-scalp-questions-that-come-before-the-technique,https://francielesofiati.com/servicos/mmp-microinfusao-de-medicamentos-na-pele,Explore the related treatment,200,follow,contextual
https://francielesofiati.com/blog/mmp-couro-cabeludo-perguntas,https://francielesofiati.com,Início,200,follow,breadcrumb
https://francielesofiati.com/blog/mmp-couro-cabeludo-perguntas,https://francielesofiati.com/blog,Journal,200,follow,breadcrumb
https://francielesofiati.com/blog/mmp-couro-cabeludo-perguntas,https://francielesofiati.com/servicos/mmp-microinfusao-de-medicamentos-na-pele,Ver serviço relacionado →,200,follow,contextual
https://francielesofiati.com/blog/mmp-couro-cabeludo-perguntas,https://francielesofiati.com/consulta,Agendar avaliação de cabelo e couro cabeludo em Londrina,200,follow,contextual
https://francielesofiati.com/blog/mmp-couro-cabeludo-perguntas,https://francielesofiati.com/servicos/mmp-microinfusao-de-medicamentos-na-pele,Conhecer o serviço de cabelo e couro cabeludo,200,follow,contextual
https://francielesofiati.com/en/blog/scalp-mesotherapy-why-a-protocol-is-not-a-universal-treatment,https://francielesofiati.com,Home,200,follow,breadcrumb
https://francielesofiati.com/en/blog/scalp-mesotherapy-why-a-protocol-is-not-a-universal-treatment,https://francielesofiati.com/en/blog,Journal,200,follow,breadcrumb
https://francielesofiati.com/en/blog/scalp-mesotherapy-why-a-protocol-is-not-a-universal-treatment,https://francielesofiati.com/servicos/mesoterapia-capilar,View related treatment →,200,follow,contextual
https://francielesofiati.com/en/blog/scalp-mesotherapy-why-a-protocol-is-not-a-universal-treatment,https://francielesofiati.com/consulta,Book a consultation in Londrina,200,follow,contextual
https://francielesofiati.com/en/blog/scalp-mesotherapy-why-a-protocol-is-not-a-universal-treatment,https://francielesofiati.com/servicos/mesoterapia-capilar,Explore the related treatment,200,follow,contextual
https://francielesofiati.com/blog/mesoterapia-capilar-e-plano,https://francielesofiati.com,Início,200,follow,breadcrumb
https://francielesofiati.com/blog/mesoterapia-capilar-e-plano,https://francielesofiati.com/blog,Journal,200,follow,breadcrumb
https://francielesofiati.com/blog/mesoterapia-capilar-e-plano,https://francielesofiati.com/servicos/mesoterapia-capilar,Ver serviço relacionado →,200,follow,contextual
https://francielesofiati.com/blog/mesoterapia-capilar-e-plano,https://francielesofiati.com/consulta,Conversar sobre queda e afinamento capilar,200,follow,contextual
https://francielesofiati.com/blog/mesoterapia-capilar-e-plano,https://francielesofiati.com/servicos/mesoterapia-capilar,Conhecer cuidados para o couro cabeludo,200,follow,contextual
https://francielesofiati.com/en/blog/how-to-prepare-for-an-aesthetic-consultation-without-deciding-everything-first,https://francielesofiati.com,Home,200,follow,breadcrumb
https://francielesofiati.com/en/blog/how-to-prepare-for-an-aesthetic-consultation-without-deciding-everything-first,https://francielesofiati.com/en/blog,Journal,200,follow,breadcrumb
https://francielesofiati.com/en/blog/how-to-prepare-for-an-aesthetic-consultation-without-deciding-everything-first,https://francielesofiati.com/servicos/limpeza-de-pele-profunda,View related treatment →,200,follow,contextual
https://francielesofiati.com/en/blog/how-to-prepare-for-an-aesthetic-consultation-without-deciding-everything-first,https://francielesofiati.com/consulta,Book a consultation in Londrina,200,follow,contextual
https://francielesofiati.com/en/blog/how-to-prepare-for-an-aesthetic-consultation-without-deciding-everything-first,https://francielesofiati.com/servicos/limpeza-de-pele-profunda,Explore the related treatment,200,follow,contextual
https://francielesofiati.com/blog/consulta-estetica-como-se-preparar,https://francielesofiati.com,Início,200,follow,breadcrumb
https://francielesofiati.com/blog/consulta-estetica-como-se-preparar,https://francielesofiati.com/blog,Journal,200,follow,breadcrumb
https://francielesofiati.com/blog/consulta-estetica-como-se-preparar,https://francielesofiati.com/servicos/limpeza-de-pele-profunda,Ver serviço relacionado →,200,follow,contextual
https://francielesofiati.com/blog/consulta-estetica-como-se-preparar,https://francielesofiati.com/consulta,Agendar avaliação de consulta e cuidado em Londrina,200,follow,contextual
https://francielesofiati.com/blog/consulta-estetica-como-se-preparar,https://francielesofiati.com/servicos/limpeza-de-pele-profunda,Conhecer o serviço de consulta e cuidado,200,follow,contextual
https://francielesofiati.com/en/blog/useful-questions-to-ask-before-an-aesthetic-procedure,https://francielesofiati.com,Home,200,follow,breadcrumb
https://francielesofiati.com/en/blog/useful-questions-to-ask-before-an-aesthetic-procedure,https://francielesofiati.com/en/blog,Journal,200,follow,breadcrumb
https://francielesofiati.com/en/blog/useful-questions-to-ask-before-an-aesthetic-procedure,https://francielesofiati.com/servicos/limpeza-de-pele-profunda,View related treatment →,200,follow,contextual
https://francielesofiati.com/en/blog/useful-questions-to-ask-before-an-aesthetic-procedure,https://francielesofiati.com/consulta,Book a consultation in Londrina,200,follow,contextual
https://francielesofiati.com/en/blog/useful-questions-to-ask-before-an-aesthetic-procedure,https://francielesofiati.com/servicos/limpeza-de-pele-profunda,Explore the related treatment,200,follow,contextual
https://francielesofiati.com/blog/perguntas-antes-de-um-procedimento,https://francielesofiati.com,Início,200,follow,breadcrumb
https://francielesofiati.com/blog/perguntas-antes-de-um-procedimento,https://francielesofiati.com/blog,Journal,200,follow,breadcrumb
https://francielesofiati.com/blog/perguntas-antes-de-um-procedimento,https://francielesofiati.com/servicos/limpeza-de-pele-profunda,Ver serviço relacionado →,200,follow,contextual
https://francielesofiati.com/blog/perguntas-antes-de-um-procedimento,https://francielesofiati.com/consulta,Agendar avaliação de consulta e cuidado em Londrina,200,follow,contextual
https://francielesofiati.com/blog/perguntas-antes-de-um-procedimento,https://francielesofiati.com/servicos/limpeza-de-pele-profunda,Conhecer o serviço de consulta e cuidado,200,follow,contextual
https://francielesofiati.com/en/blog/after-a-procedure-signs-that-call-for-contact-not-online-remedies,https://francielesofiati.com,Home,200,follow,breadcrumb
https://francielesofiati.com/en/blog/after-a-procedure-signs-that-call-for-contact-not-online-remedies,https://francielesofiati.com/en/blog,Journal,200,follow,breadcrumb
https://francielesofiati.com/en/blog/after-a-procedure-signs-that-call-for-contact-not-online-remedies,https://francielesofiati.com/servicos/laser-acupulse-co2,View related treatment →,200,follow,contextual
https://francielesofiati.com/en/blog/after-a-procedure-signs-that-call-for-contact-not-online-remedies,https://francielesofiati.com/consulta,Book a consultation in Londrina,200,follow,contextual
https://francielesofiati.com/en/blog/after-a-procedure-signs-that-call-for-contact-not-online-remedies,https://francielesofiati.com/servicos/laser-acupulse-co2,Explore the related treatment,200,follow,contextual
https://francielesofiati.com/blog/pos-procedimento-sinais-para-contato,https://francielesofiati.com,Início,200,follow,breadcrumb
https://francielesofiati.com/blog/pos-procedimento-sinais-para-contato,https://francielesofiati.com/blog,Journal,200,follow,breadcrumb
https://francielesofiati.com/blog/pos-procedimento-sinais-para-contato,https://francielesofiati.com/servicos/laser-acupulse-co2,Ver serviço relacionado →,200,follow,contextual
https://francielesofiati.com/blog/pos-procedimento-sinais-para-contato,https://francielesofiati.com/consulta,Conversar sobre laser CO₂ em Londrina,200,follow,contextual
https://francielesofiati.com/blog/pos-procedimento-sinais-para-contato,https://francielesofiati.com/servicos/laser-acupulse-co2,Ver cuidados antes e depois do laser,200,follow,contextual
https://francielesofiati.com/en/blog/sun-exposure-and-skin-recovery-why-recent-exposure-changes-more-than-a-tan,https://francielesofiati.com,Home,200,follow,breadcrumb
https://francielesofiati.com/en/blog/sun-exposure-and-skin-recovery-why-recent-exposure-changes-more-than-a-tan,https://francielesofiati.com/en/blog,Journal,200,follow,breadcrumb
https://francielesofiati.com/en/blog/sun-exposure-and-skin-recovery-why-recent-exposure-changes-more-than-a-tan,https://francielesofiati.com/servicos/protocolo-profissional-de-despigmentacao,View related treatment →,200,follow,contextual
https://francielesofiati.com/en/blog/sun-exposure-and-skin-recovery-why-recent-exposure-changes-more-than-a-tan,https://francielesofiati.com/consulta,Book a consultation in Londrina,200,follow,contextual
https://francielesofiati.com/en/blog/sun-exposure-and-skin-recovery-why-recent-exposure-changes-more-than-a-tan,https://francielesofiati.com/servicos/protocolo-profissional-de-despigmentacao,Explore the related treatment,200,follow,contextual
https://francielesofiati.com/blog/sol-e-recuperacao-cutanea,https://francielesofiati.com,Início,200,follow,breadcrumb
https://francielesofiati.com/blog/sol-e-recuperacao-cutanea,https://francielesofiati.com/blog,Journal,200,follow,breadcrumb
https://francielesofiati.com/blog/sol-e-recuperacao-cutanea,https://francielesofiati.com/servicos/protocolo-profissional-de-despigmentacao,Ver serviço relacionado →,200,follow,contextual
https://francielesofiati.com/blog/sol-e-recuperacao-cutanea,https://francielesofiati.com/consulta,Avaliar manchas e melasma em Londrina,200,follow,contextual
https://francielesofiati.com/blog/sol-e-recuperacao-cutanea,https://francielesofiati.com/servicos/protocolo-profissional-de-despigmentacao,Entender o cuidado com pigmentação,200,follow,contextual
https://francielesofiati.com/en/blog/before-and-after-photographs-curiosity-without-turning-an-image-into-a-promise,https://francielesofiati.com,Home,200,follow,breadcrumb
https://francielesofiati.com/en/blog/before-and-after-photographs-curiosity-without-turning-an-image-into-a-promise,https://francielesofiati.com/en/blog,Journal,200,follow,breadcrumb
https://francielesofiati.com/en/blog/before-and-after-photographs-curiosity-without-turning-an-image-into-a-promise,https://francielesofiati.com/servicos/microagulhamento,View related treatment →,200,follow,contextual
https://francielesofiati.com/en/blog/before-and-after-photographs-curiosity-without-turning-an-image-into-a-promise,https://francielesofiati.com/consulta,Book a consultation in Londrina,200,follow,contextual
https://francielesofiati.com/en/blog/before-and-after-photographs-curiosity-without-turning-an-image-into-a-promise,https://francielesofiati.com/servicos/microagulhamento,Explore the related treatment,200,follow,contextual
https://francielesofiati.com/blog/fotos-antes-depois-leitura-critica,https://francielesofiati.com,Início,200,follow,breadcrumb
https://francielesofiati.com/blog/fotos-antes-depois-leitura-critica,https://francielesofiati.com/blog,Journal,200,follow,breadcrumb
https://francielesofiati.com/blog/fotos-antes-depois-leitura-critica,https://francielesofiati.com/servicos/microagulhamento,Ver serviço relacionado →,200,follow,contextual
https://francielesofiati.com/blog/fotos-antes-depois-leitura-critica,https://francielesofiati.com/consulta,Conversar sobre textura e microagulhamento,200,follow,contextual
https://francielesofiati.com/blog/fotos-antes-depois-leitura-critica,https://francielesofiati.com/servicos/microagulhamento,Ver cuidados para textura da pele,200,follow,contextual
https://francielesofiati.com/en/blog/privacy-in-aesthetic-care-why-consent-remains-central,https://francielesofiati.com,Home,200,follow,breadcrumb
https://francielesofiati.com/en/blog/privacy-in-aesthetic-care-why-consent-remains-central,https://francielesofiati.com/en/blog,Journal,200,follow,breadcrumb
https://francielesofiati.com/en/blog/privacy-in-aesthetic-care-why-consent-remains-central,https://francielesofiati.com/servicos/limpeza-de-pele-profunda,View related treatment →,200,follow,contextual
https://francielesofiati.com/en/blog/privacy-in-aesthetic-care-why-consent-remains-central,https://francielesofiati.com/consulta,Book a consultation in Londrina,200,follow,contextual
https://francielesofiati.com/en/blog/privacy-in-aesthetic-care-why-consent-remains-central,https://francielesofiati.com/servicos/limpeza-de-pele-profunda,Explore the related treatment,200,follow,contextual
https://francielesofiati.com/blog/privacidade-em-tratamentos-esteticos,https://francielesofiati.com,Início,200,follow,breadcrumb
https://francielesofiati.com/blog/privacidade-em-tratamentos-esteticos,https://francielesofiati.com/blog,Journal,200,follow,breadcrumb
https://francielesofiati.com/blog/privacidade-em-tratamentos-esteticos,https://francielesofiati.com/servicos/limpeza-de-pele-profunda,Ver serviço relacionado →,200,follow,contextual
https://francielesofiati.com/blog/privacidade-em-tratamentos-esteticos,https://francielesofiati.com/consulta,Agendar avaliação de consulta e cuidado em Londrina,200,follow,contextual
https://francielesofiati.com/blog/privacidade-em-tratamentos-esteticos,https://francielesofiati.com/servicos/limpeza-de-pele-profunda,Conhecer o serviço de consulta e cuidado,200,follow,contextual
https://francielesofiati.com/en/blog/a-minimal-routine-for-overwhelmed-skin-why-simplifying-can-be-progress,https://francielesofiati.com,Home,200,follow,breadcrumb
https://francielesofiati.com/en/blog/a-minimal-routine-for-overwhelmed-skin-why-simplifying-can-be-progress,https://francielesofiati.com/en/blog,Journal,200,follow,breadcrumb
https://francielesofiati.com/en/blog/a-minimal-routine-for-overwhelmed-skin-why-simplifying-can-be-progress,https://francielesofiati.com/servicos/limpeza-de-pele-profunda,View related treatment →,200,follow,contextual
https://francielesofiati.com/en/blog/a-minimal-routine-for-overwhelmed-skin-why-simplifying-can-be-progress,https://francielesofiati.com/consulta,Book a consultation in Londrina,200,follow,contextual
https://francielesofiati.com/en/blog/a-minimal-routine-for-overwhelmed-skin-why-simplifying-can-be-progress,https://francielesofiati.com/servicos/limpeza-de-pele-profunda,Explore the related treatment,200,follow,contextual
https://francielesofiati.com/blog/rotina-minima-pele-sobrecarga,https://francielesofiati.com,Início,200,follow,breadcrumb
https://francielesofiati.com/blog/rotina-minima-pele-sobrecarga,https://francielesofiati.com/blog,Journal,200,follow,breadcrumb
https://francielesofiati.com/blog/rotina-minima-pele-sobrecarga,https://francielesofiati.com/servicos/limpeza-de-pele-profunda,Ver serviço relacionado →,200,follow,contextual
https://francielesofiati.com/blog/rotina-minima-pele-sobrecarga,https://francielesofiati.com/consulta,Agendar avaliação de saúde da pele em Londrina,200,follow,contextual
https://francielesofiati.com/blog/rotina-minima-pele-sobrecarga,https://francielesofiati.com/servicos/limpeza-de-pele-profunda,Conhecer o serviço de saúde da pele,200,follow,contextual
https://francielesofiati.com/en/blog/biological-time-and-expectations-aesthetic-care-is-not-express-delivery,https://francielesofiati.com,Home,200,follow,breadcrumb
https://francielesofiati.com/en/blog/biological-time-and-expectations-aesthetic-care-is-not-express-delivery,https://francielesofiati.com/en/blog,Journal,200,follow,breadcrumb
https://francielesofiati.com/en/blog/biological-time-and-expectations-aesthetic-care-is-not-express-delivery,https://francielesofiati.com/servicos/radiofrequencia,View related treatment →,200,follow,contextual
https://francielesofiati.com/en/blog/biological-time-and-expectations-aesthetic-care-is-not-express-delivery,https://francielesofiati.com/consulta,Book a consultation in Londrina,200,follow,contextual
https://francielesofiati.com/en/blog/biological-time-and-expectations-aesthetic-care-is-not-express-delivery,https://francielesofiati.com/servicos/radiofrequencia,Explore the related treatment,200,follow,contextual
https://francielesofiati.com/blog/expectativa-e-tempo-biologico,https://francielesofiati.com,Início,200,follow,breadcrumb
https://francielesofiati.com/blog/expectativa-e-tempo-biologico,https://francielesofiati.com/blog,Journal,200,follow,breadcrumb
https://francielesofiati.com/blog/expectativa-e-tempo-biologico,https://francielesofiati.com/servicos/radiofrequencia,Ver serviço relacionado →,200,follow,contextual
https://francielesofiati.com/blog/expectativa-e-tempo-biologico,https://francielesofiati.com/consulta,Agendar avaliação de consulta e cuidado em Londrina,200,follow,contextual
https://francielesofiati.com/blog/expectativa-e-tempo-biologico,https://francielesofiati.com/servicos/radiofrequencia,Conhecer o serviço de consulta e cuidado,200,follow,contextual
https://francielesofiati.com/en/blog/frugal-chic-intentional-aesthetic-care,https://francielesofiati.com/en,Home,200,follow,breadcrumb
https://francielesofiati.com/en/blog/frugal-chic-intentional-aesthetic-care,https://francielesofiati.com/en/blog,Journal,200,follow,breadcrumb
https://francielesofiati.com/en/blog/frugal-chic-intentional-aesthetic-care,https://francielesofiati.com/about,Franciele Sofiati,broken,follow,navigational
https://francielesofiati.com/en/blog/frugal-chic-intentional-aesthetic-care,https://francielesofiati.com/en/consultation,aesthetic consultation in Londrina,200,follow,contextual
https://francielesofiati.com/en/blog/frugal-chic-intentional-aesthetic-care,https://francielesofiati.com/en/treatments,aesthetic treatments in Londrina,200,follow,contextual
https://francielesofiati.com/en/blog/frugal-chic-intentional-aesthetic-care,https://francielesofiati.com/en/laser,aesthetic laser guide,200,follow,contextual
https://francielesofiati.com/en/blog/frugal-chic-intentional-aesthetic-care,https://francielesofiati.com/en/contact,Get in touch,200,follow,contextual
https://francielesofiati.com/en/blog/frugal-chic-intentional-aesthetic-care,https://francielesofiati.com/en/consultation,Book a consultation,200,follow,contextual
https://francielesofiati.com/blog/frugal-chic-escolhas-conscientes,https://francielesofiati.com,Início,200,follow,breadcrumb
https://francielesofiati.com/blog/frugal-chic-escolhas-conscientes,https://francielesofiati.com/blog,Journal,200,follow,breadcrumb
https://francielesofiati.com/blog/frugal-chic-escolhas-conscientes,https://francielesofiati.com/sobre,Franciele Sofiati,200,follow,navigational
https://francielesofiati.com/blog/frugal-chic-escolhas-conscientes,https://francielesofiati.com/consulta,consulta estética em Londrina,200,follow,contextual
https://francielesofiati.com/blog/frugal-chic-escolhas-conscientes,https://francielesofiati.com/tratamentos,tratamentos estéticos em Londrina,200,follow,contextual
https://francielesofiati.com/blog/frugal-chic-escolhas-conscientes,https://francielesofiati.com/laser,guia de laser estético,200,follow,contextual
https://francielesofiati.com/blog/frugal-chic-escolhas-conscientes,https://francielesofiati.com/contato,Entrar em contato,200,follow,contextual
https://francielesofiati.com/blog/frugal-chic-escolhas-conscientes,https://francielesofiati.com/consulta,Agendar consulta,200,follow,contextual
https://francielesofiati.com/en/blog/botox-in-londrina-complete-guide,https://francielesofiati.com/en,Home,200,follow,breadcrumb
https://francielesofiati.com/en/blog/botox-in-londrina-complete-guide,https://francielesofiati.com/en/blog,Journal,200,follow,breadcrumb
https://francielesofiati.com/en/blog/botox-in-londrina-complete-guide,https://francielesofiati.com/en/about,Franciele Sofiati,200,follow,navigational
https://francielesofiati.com/en/blog/botox-in-londrina-complete-guide,https://francielesofiati.com/en/contact,Get in touch,200,follow,contextual
https://francielesofiati.com/en/blog/botox-in-londrina-complete-guide,https://francielesofiati.com/en/consultation,Learn how an aesthetic consultation works,200,follow,contextual
https://francielesofiati.com/en/blog/botox-in-londrina-complete-guide,https://francielesofiati.com/en/results,See how Franciele approaches results responsibly,200,follow,contextual
https://francielesofiati.com/en/blog/botox-in-londrina-complete-guide,https://francielesofiati.com/en/consultation,"Aesthetic consultation — the starting point for suitability, preparation and decision-making.",200,follow,contextual
https://francielesofiati.com/en/blog/botox-in-londrina-complete-guide,https://francielesofiati.com/en/treatments,Treatments — understand why a procedure listed on the site is not an automatic recommendation.,200,follow,contextual
https://francielesofiati.com/en/blog/botox-in-londrina-complete-guide,https://francielesofiati.com/en/results,Before and after — how to view results without turning one image into a promise.,200,follow,contextual
https://francielesofiati.com/en/blog/botox-in-londrina-complete-guide,https://francielesofiati.com/en/cookies,Privacy — responsible use of information and images in aesthetic care.,200,follow,contextual
https://francielesofiati.com/en/blog/botox-in-londrina-complete-guide,https://francielesofiati.com/en/contact,Get in touch,200,follow,contextual
https://francielesofiati.com/en/blog/botox-in-londrina-complete-guide,https://francielesofiati.com/en/consultation,Book a consultation,200,follow,contextual
https://francielesofiati.com/blog/botox-londrina-guia-completo,https://francielesofiati.com,Início,200,follow,breadcrumb
https://francielesofiati.com/blog/botox-londrina-guia-completo,https://francielesofiati.com/blog,Journal,200,follow,breadcrumb
https://francielesofiati.com/blog/botox-londrina-guia-completo,https://francielesofiati.com/sobre,Franciele Sofiati,200,follow,navigational
https://francielesofiati.com/blog/botox-londrina-guia-completo,https://francielesofiati.com/contato,Entrar em contato,200,follow,contextual
https://francielesofiati.com/blog/botox-londrina-guia-completo,https://francielesofiati.com/consulta,Entenda como funciona a consulta estética,200,follow,contextual
https://francielesofiati.com/blog/botox-londrina-guia-completo,https://francielesofiati.com/resultados,Veja como Franciele aborda resultados com responsabilidade,200,follow,contextual
https://francielesofiati.com/blog/botox-londrina-guia-completo,https://francielesofiati.com/consulta,"Consulta estética — ponto de partida para indicação, preparo e decisão.",200,follow,contextual
https://francielesofiati.com/blog/botox-londrina-guia-completo,https://francielesofiati.com/tratamentos,Tratamentos — entenda por que um procedimento apresentado no site não é recomendação automática.,200,follow,contextual
https://francielesofiati.com/blog/botox-londrina-guia-completo,https://francielesofiati.com/resultados,Antes e depois — como olhar fotos de resultados sem transformar uma imagem em promessa.,200,follow,contextual
https://francielesofiati.com/blog/botox-londrina-guia-completo,https://francielesofiati.com/cookies,Privacidade — uso responsável de informações e imagens em tratamentos estéticos.,200,follow,contextual
https://francielesofiati.com/blog/botox-londrina-guia-completo,https://francielesofiati.com/contato,Entrar em contato,200,follow,contextual
https://francielesofiati.com/blog/botox-londrina-guia-completo,https://francielesofiati.com/consulta,Agendar consulta,200,follow,contextual
https://francielesofiati.com/en/blog/consultation-first,https://francielesofiati.com/en,Home,200,follow,breadcrumb
https://francielesofiati.com/en/blog/consultation-first,https://francielesofiati.com/en/blog,Journal,200,follow,breadcrumb
https://francielesofiati.com/en/blog/consultation-first,https://francielesofiati.com/en/blog,Journal,200,follow,navigational
https://francielesofiati.com/en/blog/consultation-first,https://francielesofiati.com/en/results,Before-and-after photographs,200,follow,contextual
https://francielesofiati.com/en/blog/consultation-first,https://francielesofiati.com/en/consultation,consultation,200,follow,contextual
https://francielesofiati.com/en/blog/consultation-first,https://francielesofiati.com/en/care,aftercare,200,follow,contextual
https://francielesofiati.com/en/blog/consultation-first,https://francielesofiati.com/en/consultation,Consult,200,follow,contextual
https://francielesofiati.com/en/blog/consultation-first,https://francielesofiati.com/en/treatments,View treatments →,200,follow,contextual
https://francielesofiati.com/en/blog/consultation-first,https://francielesofiati.com/en/blog/skin-barrier,Consultation & Care · 6 min Skin Barrier Read next →,200,follow,contextual
https://francielesofiati.com/en/blog/consultation-first,https://francielesofiati.com/en/blog/fractional-co2-laser,Laser & Technology · 5 min Fractional CO₂ Laser Read next →,200,follow,contextual
https://francielesofiati.com/en/blog/consultation-first,https://francielesofiati.com/en/blog/hair-thinning,Hair & Scalp · 6 min Hair Thinning Read next →,200,follow,contextual
https://francielesofiati.com/en/blog/consultation-first,https://francielesofiati.com/en/blog,← Publication Return to the complete Journal,200,follow,navigational
https://francielesofiati.com/en/blog/consultation-first,https://francielesofiati.com/en/blog/skin-barrier,Next essay → Skin Barrier,200,next,navigational
https://francielesofiati.com/blog/why-aesthetic-care-begins-with-consultation,https://francielesofiati.com,Início,200,follow,breadcrumb
https://francielesofiati.com/blog/why-aesthetic-care-begins-with-consultation,https://francielesofiati.com/blog,Journal,200,follow,breadcrumb
https://francielesofiati.com/blog/why-aesthetic-care-begins-with-consultation,https://francielesofiati.com/blog,Journal,200,follow,navigational
https://francielesofiati.com/blog/why-aesthetic-care-begins-with-consultation,https://francielesofiati.com/resultados,Fotos antes e depois,200,follow,contextual
https://francielesofiati.com/blog/why-aesthetic-care-begins-with-consultation,https://francielesofiati.com/consulta,consulta,200,follow,contextual
https://francielesofiati.com/blog/why-aesthetic-care-begins-with-consultation,https://francielesofiati.com/cuidados,cuidados posteriores,200,follow,contextual
https://francielesofiati.com/blog/why-aesthetic-care-begins-with-consultation,https://francielesofiati.com/consulta,Consultar,200,follow,contextual
https://francielesofiati.com/blog/why-aesthetic-care-begins-with-consultation,https://francielesofiati.com/tratamentos,Veja tratamentos →,200,follow,contextual
https://francielesofiati.com/blog/why-aesthetic-care-begins-with-consultation,https://francielesofiati.com/blog/rebuilding-an-overwhelmed-skin-barrier,consulta & Care · 6 min pele Barreira Leia o próximo. →,200,follow,contextual
https://francielesofiati.com/blog/why-aesthetic-care-begins-with-consultation,https://francielesofiati.com/blog/fractional-co2-laser-recovery-and-aftercare,Laser & Tecnologia · 5 min Laser fracional de CO2 Leia o próximo. →,200,follow,contextual
https://francielesofiati.com/blog/why-aesthetic-care-begins-with-consultation,https://francielesofiati.com/blog/hair-thinning-causes-and-scalp-care,Cabelo e escalpe · 6 min Afinamento do cabelo Leia o próximo. →,200,follow,contextual
https://francielesofiati.com/blog/why-aesthetic-care-begins-with-consultation,https://francielesofiati.com/blog,← Publicação Volte para o diário completo.,200,follow,navigational
https://francielesofiati.com/blog/why-aesthetic-care-begins-with-consultation,https://francielesofiati.com/blog/rebuilding-an-overwhelmed-skin-barrier,Próximo ensaio → pele Barreira,200,next,navigational
https://francielesofiati.com/en/blog/skin-barrier,https://francielesofiati.com/en,Home,200,follow,breadcrumb
https://francielesofiati.com/en/blog/skin-barrier,https://francielesofiati.com/en/blog,Journal,200,follow,breadcrumb
https://francielesofiati.com/en/blog/skin-barrier,https://francielesofiati.com/en/blog,Journal,200,follow,navigational
https://francielesofiati.com/en/blog/skin-barrier,https://francielesofiati.com/en/care,sun protection,200,follow,contextual
https://francielesofiati.com/en/blog/skin-barrier,https://francielesofiati.com/en/consultation,Consult,200,follow,contextual
https://francielesofiati.com/en/blog/skin-barrier,https://francielesofiati.com/en/treatments,View treatments →,200,follow,contextual
https://francielesofiati.com/en/blog/skin-barrier,https://francielesofiati.com/en/blog/skin-cleansing,Consultation & Care · 6 min Skin Cleansing Read next →,200,follow,contextual
https://francielesofiati.com/en/blog/skin-barrier,https://francielesofiati.com/en/blog/fractional-co2-laser,Laser & Technology · 5 min Fractional CO₂ Laser Read next →,200,follow,contextual
https://francielesofiati.com/en/blog/skin-barrier,https://francielesofiati.com/en/blog/uneven-tone,Skin Health · 6 min Uneven Tone Read next →,200,follow,contextual
https://francielesofiati.com/en/blog/skin-barrier,https://francielesofiati.com/en/blog/consultation-first,← Previous essay Consultation First,200,prev,navigational
https://francielesofiati.com/en/blog/skin-barrier,https://francielesofiati.com/en/blog/skin-cleansing,Next essay → Skin Cleansing,200,next,navigational
https://francielesofiati.com/blog/rebuilding-an-overwhelmed-skin-barrier,https://francielesofiati.com,Início,200,follow,breadcrumb
https://francielesofiati.com/blog/rebuilding-an-overwhelmed-skin-barrier,https://francielesofiati.com/blog,Journal,200,follow,breadcrumb
https://francielesofiati.com/blog/rebuilding-an-overwhelmed-skin-barrier,https://francielesofiati.com/blog,Journal,200,follow,navigational
https://francielesofiati.com/blog/rebuilding-an-overwhelmed-skin-barrier,https://francielesofiati.com/cuidados,Proteção solar,200,follow,contextual
https://francielesofiati.com/blog/rebuilding-an-overwhelmed-skin-barrier,https://francielesofiati.com/consulta,Consultar,200,follow,contextual
https://francielesofiati.com/blog/rebuilding-an-overwhelmed-skin-barrier,https://francielesofiati.com/tratamentos,Veja tratamentos →,200,follow,contextual
https://francielesofiati.com/blog/rebuilding-an-overwhelmed-skin-barrier,https://francielesofiati.com/blog/professional-skin-cleansing-guide,consulta & Care · 6 min pele Limpeza Leia o próximo. →,200,follow,contextual
https://francielesofiati.com/blog/rebuilding-an-overwhelmed-skin-barrier,https://francielesofiati.com/blog/fractional-co2-laser-recovery-and-aftercare,Laser & Tecnologia · 5 min Laser fracional de CO2 Leia o próximo. →,200,follow,contextual
https://francielesofiati.com/blog/rebuilding-an-overwhelmed-skin-barrier,https://francielesofiati.com/blog/understanding-facial-pigmentation,pele Saúde · 6 min Tone inigualável Leia o próximo. →,200,follow,contextual
https://francielesofiati.com/blog/rebuilding-an-overwhelmed-skin-barrier,https://francielesofiati.com/blog/why-aesthetic-care-begins-with-consultation,← Ensaio anterior consulta Primeiro,200,prev,navigational
https://francielesofiati.com/blog/rebuilding-an-overwhelmed-skin-barrier,https://francielesofiati.com/blog/professional-skin-cleansing-guide,Próximo ensaio → pele Limpeza,200,next,navigational
https://francielesofiati.com/en/blog/skin-cleansing,https://francielesofiati.com/en,Home,200,follow,breadcrumb
https://francielesofiati.com/en/blog/skin-cleansing,https://francielesofiati.com/en/blog,Journal,200,follow,breadcrumb
https://francielesofiati.com/en/blog/skin-cleansing,https://francielesofiati.com/en/blog,Journal,200,follow,navigational
https://francielesofiati.com/en/blog/skin-cleansing,https://francielesofiati.com/en/treatments,Professional cleansing,200,follow,contextual
https://francielesofiati.com/en/blog/skin-cleansing,https://francielesofiati.com/en/skin,acne,200,follow,contextual
https://francielesofiati.com/en/blog/skin-cleansing,https://francielesofiati.com/en/care,aftercare,200,follow,contextual
https://francielesofiati.com/en/blog/skin-cleansing,https://francielesofiati.com/en/consultation,Consult,200,follow,contextual
https://francielesofiati.com/en/blog/skin-cleansing,https://francielesofiati.com/en/treatments,View treatments →,200,follow,contextual
https://francielesofiati.com/en/blog/skin-cleansing,https://francielesofiati.com/en/blog/skin-barrier,Consultation & Care · 6 min Skin Barrier Read next →,200,follow,contextual
https://francielesofiati.com/en/blog/skin-cleansing,https://francielesofiati.com/en/blog/acne-scars,Skin Health · 6 min Acne Scars Read next →,200,follow,contextual
https://francielesofiati.com/en/blog/skin-cleansing,https://francielesofiati.com/en/blog/consultation-first,Consultation & Care · 6 min Consultation First Read next →,200,follow,contextual
https://francielesofiati.com/en/blog/skin-cleansing,https://francielesofiati.com/en/blog/skin-barrier,← Previous essay Skin Barrier,200,prev,navigational
https://francielesofiati.com/en/blog/skin-cleansing,https://francielesofiati.com/en/blog/uneven-tone,Next essay → Uneven Tone,200,next,navigational
https://francielesofiati.com/blog/professional-skin-cleansing-guide,https://francielesofiati.com,Início,200,follow,breadcrumb
https://francielesofiati.com/blog/professional-skin-cleansing-guide,https://francielesofiati.com/blog,Journal,200,follow,breadcrumb
https://francielesofiati.com/blog/professional-skin-cleansing-guide,https://francielesofiati.com/blog,Journal,200,follow,navigational
https://francielesofiati.com/blog/professional-skin-cleansing-guide,https://francielesofiati.com/tratamentos,Limpeza profissional.,200,follow,contextual
https://francielesofiati.com/blog/professional-skin-cleansing-guide,https://francielesofiati.com/pele,acne,200,follow,contextual
https://francielesofiati.com/blog/professional-skin-cleansing-guide,https://francielesofiati.com/cuidados,cuidados posteriores,200,follow,contextual
https://francielesofiati.com/blog/professional-skin-cleansing-guide,https://francielesofiati.com/consulta,Consultar,200,follow,contextual
https://francielesofiati.com/blog/professional-skin-cleansing-guide,https://francielesofiati.com/tratamentos,Veja tratamentos →,200,follow,contextual
https://francielesofiati.com/blog/professional-skin-cleansing-guide,https://francielesofiati.com/blog/rebuilding-an-overwhelmed-skin-barrier,consulta & Care · 6 min pele Barreira Leia o próximo. →,200,follow,contextual
https://francielesofiati.com/blog/professional-skin-cleansing-guide,https://francielesofiati.com/blog/understanding-acne-scar-treatment,pele Saúde · 6 min Cicatrizes Acne Leia o próximo. →,200,follow,contextual
https://francielesofiati.com/blog/professional-skin-cleansing-guide,https://francielesofiati.com/blog/why-aesthetic-care-begins-with-consultation,consulta & Care · 6 min consulta Primeiro Leia o próximo. →,200,follow,contextual
https://francielesofiati.com/blog/professional-skin-cleansing-guide,https://francielesofiati.com/blog/rebuilding-an-overwhelmed-skin-barrier,← Ensaio anterior pele Barreira,200,prev,navigational
https://francielesofiati.com/blog/professional-skin-cleansing-guide,https://francielesofiati.com/blog/understanding-facial-pigmentation,Próximo ensaio → Tone inigualável,200,next,navigational
https://francielesofiati.com/en/blog/uneven-tone,https://francielesofiati.com/en,Home,200,follow,breadcrumb
https://francielesofiati.com/en/blog/uneven-tone,https://francielesofiati.com/en/blog,Journal,200,follow,breadcrumb
https://francielesofiati.com/en/blog/uneven-tone,https://francielesofiati.com/en/blog,Journal,200,follow,navigational
https://francielesofiati.com/en/blog/uneven-tone,https://francielesofiati.com/en/skin,Pigmentation,200,follow,contextual
https://francielesofiati.com/en/blog/uneven-tone,https://francielesofiati.com/en/care,sun protection,200,follow,contextual
https://francielesofiati.com/en/blog/uneven-tone,https://francielesofiati.com/en/consultation,Consult,200,follow,contextual
https://francielesofiati.com/en/blog/uneven-tone,https://francielesofiati.com/en/treatments,View treatments →,200,follow,contextual
https://francielesofiati.com/en/blog/uneven-tone,https://francielesofiati.com/en/blog/facial-redness,Laser & Technology · 5 min Facial Redness Read next →,200,follow,contextual
https://francielesofiati.com/en/blog/uneven-tone,https://francielesofiati.com/en/blog/skin-barrier,Consultation & Care · 6 min Skin Barrier Read next →,200,follow,contextual
https://francielesofiati.com/en/blog/uneven-tone,https://francielesofiati.com/en/blog/acne-scars,Skin Health · 6 min Acne Scars Read next →,200,follow,contextual
https://francielesofiati.com/en/blog/uneven-tone,https://francielesofiati.com/en/blog/skin-cleansing,← Previous essay Skin Cleansing,200,prev,navigational
https://francielesofiati.com/en/blog/uneven-tone,https://francielesofiati.com/en/blog/acne-scars,Next essay → Acne Scars,200,next,navigational
https://francielesofiati.com/blog/understanding-facial-pigmentation,https://francielesofiati.com,Início,200,follow,breadcrumb
https://francielesofiati.com/blog/understanding-facial-pigmentation,https://francielesofiati.com/blog,Journal,200,follow,breadcrumb
https://francielesofiati.com/blog/understanding-facial-pigmentation,https://francielesofiati.com/blog,Journal,200,follow,navigational
https://francielesofiati.com/blog/understanding-facial-pigmentation,https://francielesofiati.com/pele,Pigmentação,200,follow,contextual
https://francielesofiati.com/blog/understanding-facial-pigmentation,https://francielesofiati.com/cuidados,Proteção solar,200,follow,contextual
https://francielesofiati.com/blog/understanding-facial-pigmentation,https://francielesofiati.com/consulta,Consultar,200,follow,contextual
https://francielesofiati.com/blog/understanding-facial-pigmentation,https://francielesofiati.com/tratamentos,Veja tratamentos →,200,follow,contextual
https://francielesofiati.com/blog/understanding-facial-pigmentation,https://francielesofiati.com/blog/persistent-facial-redness-and-vessels,Laser & Tecnologia · 5 min Vermelhidão facial Leia o próximo. →,200,follow,contextual
https://francielesofiati.com/blog/understanding-facial-pigmentation,https://francielesofiati.com/blog/rebuilding-an-overwhelmed-skin-barrier,consulta & Care · 6 min pele Barreira Leia o próximo. →,200,follow,contextual
https://francielesofiati.com/blog/understanding-facial-pigmentation,https://francielesofiati.com/blog/understanding-acne-scar-treatment,pele Saúde · 6 min Cicatrizes Acne Leia o próximo. →,200,follow,contextual
https://francielesofiati.com/blog/understanding-facial-pigmentation,https://francielesofiati.com/blog/professional-skin-cleansing-guide,← Ensaio anterior pele Limpeza,200,prev,navigational
https://francielesofiati.com/blog/understanding-facial-pigmentation,https://francielesofiati.com/blog/understanding-acne-scar-treatment,Próximo ensaio → Cicatrizes Acne,200,next,navigational
https://francielesofiati.com/en/blog/acne-scars,https://francielesofiati.com/en,Home,200,follow,breadcrumb
https://francielesofiati.com/en/blog/acne-scars,https://francielesofiati.com/en/blog,Journal,200,follow,breadcrumb
https://francielesofiati.com/en/blog/acne-scars,https://francielesofiati.com/en/blog,Journal,200,follow,navigational
https://francielesofiati.com/en/blog/acne-scars,https://francielesofiati.com/en/skin,Acne scars,200,follow,contextual
https://francielesofiati.com/en/blog/acne-scars,https://francielesofiati.com/en/consultation,Consult,200,follow,contextual
https://francielesofiati.com/en/blog/acne-scars,https://francielesofiati.com/en/treatments,View treatments →,200,follow,contextual
https://francielesofiati.com/en/blog/acne-scars,https://francielesofiati.com/en/blog/skin-cleansing,Consultation & Care · 6 min Skin Cleansing Read next →,200,follow,contextual
https://francielesofiati.com/en/blog/acne-scars,https://francielesofiati.com/en/blog/fractional-co2-laser,Laser & Technology · 5 min Fractional CO₂ Laser Read next →,200,follow,contextual
https://francielesofiati.com/en/blog/acne-scars,https://francielesofiati.com/en/blog/uneven-tone,Skin Health · 6 min Uneven Tone Read next →,200,follow,contextual
https://francielesofiati.com/en/blog/acne-scars,https://francielesofiati.com/en/blog/uneven-tone,← Previous essay Uneven Tone,200,prev,navigational
https://francielesofiati.com/en/blog/acne-scars,https://francielesofiati.com/en/blog/facial-redness,Next essay → Facial Redness,200,next,navigational
https://francielesofiati.com/blog/understanding-acne-scar-treatment,https://francielesofiati.com,Início,200,follow,breadcrumb
https://francielesofiati.com/blog/understanding-acne-scar-treatment,https://francielesofiati.com/blog,Journal,200,follow,breadcrumb
https://francielesofiati.com/blog/understanding-acne-scar-treatment,https://francielesofiati.com/blog,Journal,200,follow,navigational
https://francielesofiati.com/blog/understanding-acne-scar-treatment,https://francielesofiati.com/pele,Cicatrizes Acne,200,follow,contextual
https://francielesofiati.com/blog/understanding-acne-scar-treatment,https://francielesofiati.com/consulta,Consultar,200,follow,contextual
https://francielesofiati.com/blog/understanding-acne-scar-treatment,https://francielesofiati.com/tratamentos,Veja tratamentos →,200,follow,contextual
https://francielesofiati.com/blog/understanding-acne-scar-treatment,https://francielesofiati.com/blog/professional-skin-cleansing-guide,consulta & Care · 6 min pele Limpeza Leia o próximo. →,200,follow,contextual
https://francielesofiati.com/blog/understanding-acne-scar-treatment,https://francielesofiati.com/blog/fractional-co2-laser-recovery-and-aftercare,Laser & Tecnologia · 5 min Laser fracional de CO2 Leia o próximo. →,200,follow,contextual
https://francielesofiati.com/blog/understanding-acne-scar-treatment,https://francielesofiati.com/blog/understanding-facial-pigmentation,pele Saúde · 6 min Tone inigualável Leia o próximo. →,200,follow,contextual
https://francielesofiati.com/blog/understanding-acne-scar-treatment,https://francielesofiati.com/blog/understanding-facial-pigmentation,← Ensaio anterior Tone inigualável,200,prev,navigational
https://francielesofiati.com/blog/understanding-acne-scar-treatment,https://francielesofiati.com/blog/persistent-facial-redness-and-vessels,Próximo ensaio → Vermelhidão facial,200,next,navigational
https://francielesofiati.com/en/blog/facial-redness,https://francielesofiati.com/en,Home,200,follow,breadcrumb
https://francielesofiati.com/en/blog/facial-redness,https://francielesofiati.com/en/blog,Journal,200,follow,breadcrumb
https://francielesofiati.com/en/blog/facial-redness,https://francielesofiati.com/en/blog,Journal,200,follow,navigational
https://francielesofiati.com/en/blog/facial-redness,https://francielesofiati.com/en/skin,redness,200,follow,contextual
https://francielesofiati.com/en/blog/facial-redness,https://francielesofiati.com/en/laser,laser and light,200,follow,contextual
https://francielesofiati.com/en/blog/facial-redness,https://francielesofiati.com/en/consultation,Consult,200,follow,contextual
https://francielesofiati.com/en/blog/facial-redness,https://francielesofiati.com/en/treatments,View treatments →,200,follow,contextual
https://francielesofiati.com/en/blog/facial-redness,https://francielesofiati.com/en/blog/uneven-tone,Skin Health · 6 min Uneven Tone Read next →,200,follow,contextual
https://francielesofiati.com/en/blog/facial-redness,https://francielesofiati.com/en/blog/fractional-co2-laser,Laser & Technology · 5 min Fractional CO₂ Laser Read next →,200,follow,contextual
https://francielesofiati.com/en/blog/facial-redness,https://francielesofiati.com/en/blog/consultation-first,Consultation & Care · 6 min Consultation First Read next →,200,follow,contextual
https://francielesofiati.com/en/blog/facial-redness,https://francielesofiati.com/en/blog/acne-scars,← Previous essay Acne Scars,200,prev,navigational
https://francielesofiati.com/en/blog/facial-redness,https://francielesofiati.com/en/blog/fractional-co2-laser,Next essay → Fractional CO₂ Laser,200,next,navigational
https://francielesofiati.com/blog/persistent-facial-redness-and-vessels,https://francielesofiati.com,Início,200,follow,breadcrumb
https://francielesofiati.com/blog/persistent-facial-redness-and-vessels,https://francielesofiati.com/blog,Journal,200,follow,breadcrumb
https://francielesofiati.com/blog/persistent-facial-redness-and-vessels,https://francielesofiati.com/blog,Journal,200,follow,navigational
https://francielesofiati.com/blog/persistent-facial-redness-and-vessels,https://francielesofiati.com/pele,vermelhidão,200,follow,contextual
https://francielesofiati.com/blog/persistent-facial-redness-and-vessels,https://francielesofiati.com/laser,laser e luz,200,follow,contextual
https://francielesofiati.com/blog/persistent-facial-redness-and-vessels,https://francielesofiati.com/consulta,Consultar,200,follow,contextual
https://francielesofiati.com/blog/persistent-facial-redness-and-vessels,https://francielesofiati.com/tratamentos,Veja tratamentos →,200,follow,contextual
https://francielesofiati.com/blog/persistent-facial-redness-and-vessels,https://francielesofiati.com/blog/understanding-facial-pigmentation,pele Saúde · 6 min Tone inigualável Leia o próximo. →,200,follow,contextual
https://francielesofiati.com/blog/persistent-facial-redness-and-vessels,https://francielesofiati.com/blog/fractional-co2-laser-recovery-and-aftercare,Laser & Tecnologia · 5 min Laser fracional de CO2 Leia o próximo. →,200,follow,contextual
https://francielesofiati.com/blog/persistent-facial-redness-and-vessels,https://francielesofiati.com/blog/why-aesthetic-care-begins-with-consultation,consulta & Care · 6 min consulta Primeiro Leia o próximo. →,200,follow,contextual
https://francielesofiati.com/blog/persistent-facial-redness-and-vessels,https://francielesofiati.com/blog/understanding-acne-scar-treatment,← Ensaio anterior Cicatrizes Acne,200,prev,navigational
https://francielesofiati.com/blog/persistent-facial-redness-and-vessels,https://francielesofiati.com/blog/fractional-co2-laser-recovery-and-aftercare,Próximo ensaio → Laser fracional de CO2,200,next,navigational
https://francielesofiati.com/en/blog/fractional-co2-laser,https://francielesofiati.com/en,Home,200,follow,breadcrumb
https://francielesofiati.com/en/blog/fractional-co2-laser,https://francielesofiati.com/en/blog,Journal,200,follow,breadcrumb
https://francielesofiati.com/en/blog/fractional-co2-laser,https://francielesofiati.com/en/blog,Journal,200,follow,navigational
https://francielesofiati.com/en/blog/fractional-co2-laser,https://francielesofiati.com/en/laser,Fractional CO₂ laser,200,follow,contextual
https://francielesofiati.com/en/blog/fractional-co2-laser,https://francielesofiati.com/en/care,aftercare,200,follow,contextual
https://francielesofiati.com/en/blog/fractional-co2-laser,https://francielesofiati.com/en/consultation,Consult,200,follow,contextual
https://francielesofiati.com/en/blog/fractional-co2-laser,https://francielesofiati.com/en/treatments,View treatments →,200,follow,contextual
https://francielesofiati.com/en/blog/fractional-co2-laser,https://francielesofiati.com/en/blog/consultation-first,Consultation & Care · 6 min Consultation First Read next →,200,follow,contextual
https://francielesofiati.com/en/blog/fractional-co2-laser,https://francielesofiati.com/en/blog/acne-scars,Skin Health · 6 min Acne Scars Read next →,200,follow,contextual
https://francielesofiati.com/en/blog/fractional-co2-laser,https://francielesofiati.com/en/blog/laser-hair-removal,Laser & Technology · 5 min Laser Hair Removal Read next →,200,follow,contextual
https://francielesofiati.com/en/blog/fractional-co2-laser,https://francielesofiati.com/en/blog/facial-redness,← Previous essay Facial Redness,200,prev,navigational
https://francielesofiati.com/en/blog/fractional-co2-laser,https://francielesofiati.com/en/blog/collagen-remodeling,Next essay → Collagen Remodeling,200,next,navigational
https://francielesofiati.com/blog/fractional-co2-laser-recovery-and-aftercare,https://francielesofiati.com,Início,200,follow,breadcrumb
https://francielesofiati.com/blog/fractional-co2-laser-recovery-and-aftercare,https://francielesofiati.com/blog,Journal,200,follow,breadcrumb
https://francielesofiati.com/blog/fractional-co2-laser-recovery-and-aftercare,https://francielesofiati.com/blog,Journal,200,follow,navigational
https://francielesofiati.com/blog/fractional-co2-laser-recovery-and-aftercare,https://francielesofiati.com/laser,Laser fracional de CO2,200,follow,contextual
https://francielesofiati.com/blog/fractional-co2-laser-recovery-and-aftercare,https://francielesofiati.com/cuidados,cuidados posteriores,200,follow,contextual
https://francielesofiati.com/blog/fractional-co2-laser-recovery-and-aftercare,https://francielesofiati.com/consulta,Consultar,200,follow,contextual
https://francielesofiati.com/blog/fractional-co2-laser-recovery-and-aftercare,https://francielesofiati.com/tratamentos,Veja tratamentos →,200,follow,contextual
https://francielesofiati.com/blog/fractional-co2-laser-recovery-and-aftercare,https://francielesofiati.com/blog/why-aesthetic-care-begins-with-consultation,consulta & Care · 6 min consulta Primeiro Leia o próximo. →,200,follow,contextual
https://francielesofiati.com/blog/fractional-co2-laser-recovery-and-aftercare,https://francielesofiati.com/blog/understanding-acne-scar-treatment,pele Saúde · 6 min Cicatrizes Acne Leia o próximo. →,200,follow,contextual
https://francielesofiati.com/blog/fractional-co2-laser-recovery-and-aftercare,https://francielesofiati.com/blog/laser-hair-removal-process-and-maintenance,Laser & Tecnologia · 5 min Remoção de cabelo laser Leia o próximo. →,200,follow,contextual
https://francielesofiati.com/blog/fractional-co2-laser-recovery-and-aftercare,https://francielesofiati.com/blog/persistent-facial-redness-and-vessels,← Ensaio anterior Vermelhidão facial,200,prev,navigational
https://francielesofiati.com/blog/fractional-co2-laser-recovery-and-aftercare,https://francielesofiati.com/blog/ultrasound-radiofrequency-collagen-treatment,Próximo ensaio → Remodelação do colágeno,200,next,navigational
https://francielesofiati.com/en/blog/collagen-remodeling,https://francielesofiati.com/en,Home,200,follow,breadcrumb
https://francielesofiati.com/en/blog/collagen-remodeling,https://francielesofiati.com/en/blog,Journal,200,follow,breadcrumb
https://francielesofiati.com/en/blog/collagen-remodeling,https://francielesofiati.com/en/blog,Journal,200,follow,navigational
https://francielesofiati.com/en/blog/collagen-remodeling,https://francielesofiati.com/en/treatments,Microfocused ultrasound,200,follow,contextual
https://francielesofiati.com/en/blog/collagen-remodeling,https://francielesofiati.com/en/treatments,Radiofrequency,200,follow,contextual
https://francielesofiati.com/en/blog/collagen-remodeling,https://francielesofiati.com/en/consultation,Consult,200,follow,contextual
https://francielesofiati.com/en/blog/collagen-remodeling,https://francielesofiati.com/en/treatments,View treatments →,200,follow,contextual
https://francielesofiati.com/en/blog/collagen-remodeling,https://francielesofiati.com/en/blog/fractional-co2-laser,Laser & Technology · 5 min Fractional CO₂ Laser Read next →,200,follow,contextual
https://francielesofiati.com/en/blog/collagen-remodeling,https://francielesofiati.com/en/blog/consultation-first,Consultation & Care · 6 min Consultation First Read next →,200,follow,contextual
https://francielesofiati.com/en/blog/collagen-remodeling,https://francielesofiati.com/en/blog/uneven-tone,Skin Health · 6 min Uneven Tone Read next →,200,follow,contextual
https://francielesofiati.com/en/blog/collagen-remodeling,https://francielesofiati.com/en/blog/fractional-co2-laser,← Previous essay Fractional CO₂ Laser,200,prev,navigational
https://francielesofiati.com/en/blog/collagen-remodeling,https://francielesofiati.com/en/blog/laser-hair-removal,Next essay → Laser Hair Removal,200,next,navigational
https://francielesofiati.com/blog/ultrasound-radiofrequency-collagen-treatment,https://francielesofiati.com,Início,200,follow,breadcrumb
https://francielesofiati.com/blog/ultrasound-radiofrequency-collagen-treatment,https://francielesofiati.com/blog,Journal,200,follow,breadcrumb
https://francielesofiati.com/blog/ultrasound-radiofrequency-collagen-treatment,https://francielesofiati.com/blog,Journal,200,follow,navigational
https://francielesofiati.com/blog/ultrasound-radiofrequency-collagen-treatment,https://francielesofiati.com/tratamentos,Microfocused ultra-som,200,follow,contextual
https://francielesofiati.com/blog/ultrasound-radiofrequency-collagen-treatment,https://francielesofiati.com/tratamentos,Radiofreqüência,200,follow,contextual
https://francielesofiati.com/blog/ultrasound-radiofrequency-collagen-treatment,https://francielesofiati.com/consulta,Consultar,200,follow,contextual
https://francielesofiati.com/blog/ultrasound-radiofrequency-collagen-treatment,https://francielesofiati.com/tratamentos,Veja tratamentos →,200,follow,contextual
https://francielesofiati.com/blog/ultrasound-radiofrequency-collagen-treatment,https://francielesofiati.com/blog/fractional-co2-laser-recovery-and-aftercare,Laser & Tecnologia · 5 min Laser fracional de CO2 Leia o próximo. →,200,follow,contextual
https://francielesofiati.com/blog/ultrasound-radiofrequency-collagen-treatment,https://francielesofiati.com/blog/why-aesthetic-care-begins-with-consultation,consulta & Care · 6 min consulta Primeiro Leia o próximo. →,200,follow,contextual
https://francielesofiati.com/blog/ultrasound-radiofrequency-collagen-treatment,https://francielesofiati.com/blog/understanding-facial-pigmentation,pele Saúde · 6 min Tone inigualável Leia o próximo. →,200,follow,contextual
https://francielesofiati.com/blog/ultrasound-radiofrequency-collagen-treatment,https://francielesofiati.com/blog/fractional-co2-laser-recovery-and-aftercare,← Ensaio anterior Laser fracional de CO2,200,prev,navigational
https://francielesofiati.com/blog/ultrasound-radiofrequency-collagen-treatment,https://francielesofiati.com/blog/laser-hair-removal-process-and-maintenance,Próximo ensaio → Remoção de cabelo laser,200,next,navigational
https://francielesofiati.com/en/blog/laser-hair-removal,https://francielesofiati.com/en,Home,200,follow,breadcrumb
https://francielesofiati.com/en/blog/laser-hair-removal,https://francielesofiati.com/en/blog,Journal,200,follow,breadcrumb
https://francielesofiati.com/en/blog/laser-hair-removal,https://francielesofiati.com/en/blog,Journal,200,follow,navigational
https://francielesofiati.com/en/blog/laser-hair-removal,https://francielesofiati.com/en/laser,laser hair removal,200,follow,contextual
https://francielesofiati.com/en/blog/laser-hair-removal,https://francielesofiati.com/en/consultation,Consult,200,follow,contextual
https://francielesofiati.com/en/blog/laser-hair-removal,https://francielesofiati.com/en/treatments,View treatments →,200,follow,contextual
https://francielesofiati.com/en/blog/laser-hair-removal,https://francielesofiati.com/en/blog/fractional-co2-laser,Laser & Technology · 5 min Fractional CO₂ Laser Read next →,200,follow,contextual
https://francielesofiati.com/en/blog/laser-hair-removal,https://francielesofiati.com/en/blog/hair-thinning,Hair & Scalp · 6 min Hair Thinning Read next →,200,follow,contextual
https://francielesofiati.com/en/blog/laser-hair-removal,https://francielesofiati.com/en/blog/consultation-first,Consultation & Care · 6 min Consultation First Read next →,200,follow,contextual
https://francielesofiati.com/en/blog/laser-hair-removal,https://francielesofiati.com/en/blog/collagen-remodeling,← Previous essay Collagen Remodeling,200,prev,navigational
https://francielesofiati.com/en/blog/laser-hair-removal,https://francielesofiati.com/en/blog/hair-thinning,Next essay → Hair Thinning,200,next,navigational
https://francielesofiati.com/blog/laser-hair-removal-process-and-maintenance,https://francielesofiati.com,Início,200,follow,breadcrumb
https://francielesofiati.com/blog/laser-hair-removal-process-and-maintenance,https://francielesofiati.com/blog,Journal,200,follow,breadcrumb
https://francielesofiati.com/blog/laser-hair-removal-process-and-maintenance,https://francielesofiati.com/blog,Journal,200,follow,navigational
https://francielesofiati.com/blog/laser-hair-removal-process-and-maintenance,https://francielesofiati.com/laser,Depilação a laser,200,follow,contextual
https://francielesofiati.com/blog/laser-hair-removal-process-and-maintenance,https://francielesofiati.com/consulta,Consultar,200,follow,contextual
https://francielesofiati.com/blog/laser-hair-removal-process-and-maintenance,https://francielesofiati.com/tratamentos,Veja tratamentos →,200,follow,contextual
https://francielesofiati.com/blog/laser-hair-removal-process-and-maintenance,https://francielesofiati.com/blog/fractional-co2-laser-recovery-and-aftercare,Laser & Tecnologia · 5 min Laser fracional de CO2 Leia o próximo. →,200,follow,contextual
https://francielesofiati.com/blog/laser-hair-removal-process-and-maintenance,https://francielesofiati.com/blog/hair-thinning-causes-and-scalp-care,Cabelo e escalpe · 6 min Afinamento do cabelo Leia o próximo. →,200,follow,contextual
https://francielesofiati.com/blog/laser-hair-removal-process-and-maintenance,https://francielesofiati.com/blog/why-aesthetic-care-begins-with-consultation,consulta & Care · 6 min consulta Primeiro Leia o próximo. →,200,follow,contextual
https://francielesofiati.com/blog/laser-hair-removal-process-and-maintenance,https://francielesofiati.com/blog/ultrasound-radiofrequency-collagen-treatment,← Ensaio anterior Remodelação do colágeno,200,prev,navigational
https://francielesofiati.com/blog/laser-hair-removal-process-and-maintenance,https://francielesofiati.com/blog/hair-thinning-causes-and-scalp-care,Próximo ensaio → Afinamento do cabelo,200,next,navigational
https://francielesofiati.com/en/blog/hair-thinning,https://francielesofiati.com/en,Home,200,follow,breadcrumb
https://francielesofiati.com/en/blog/hair-thinning,https://francielesofiati.com/en/blog,Journal,200,follow,breadcrumb
https://francielesofiati.com/en/blog/hair-thinning,https://francielesofiati.com/en/blog,Journal,200,follow,navigational
https://francielesofiati.com/en/blog/hair-thinning,https://francielesofiati.com/en/consultation,medical assessment,200,follow,contextual
https://francielesofiati.com/en/blog/hair-thinning,https://francielesofiati.com/en/consultation,Consult,200,follow,contextual
https://francielesofiati.com/en/blog/hair-thinning,https://francielesofiati.com/en/treatments,View treatments →,200,follow,contextual
https://francielesofiati.com/en/blog/hair-thinning,https://francielesofiati.com/en/blog/consultation-first,Consultation & Care · 6 min Consultation First Read next →,200,follow,contextual
https://francielesofiati.com/en/blog/hair-thinning,https://francielesofiati.com/en/blog/laser-hair-removal,Laser & Technology · 5 min Laser Hair Removal Read next →,200,follow,contextual
https://francielesofiati.com/en/blog/hair-thinning,https://francielesofiati.com/en/blog/skin-barrier,Consultation & Care · 6 min Skin Barrier Read next →,200,follow,contextual
https://francielesofiati.com/en/blog/hair-thinning,https://francielesofiati.com/en/blog/laser-hair-removal,← Previous essay Laser Hair Removal,200,prev,navigational
https://francielesofiati.com/en/blog/hair-thinning,https://francielesofiati.com/en/blog,Complete edition → Browse all ten essays,200,follow,navigational
https://francielesofiati.com/blog/hair-thinning-causes-and-scalp-care,https://francielesofiati.com,Início,200,follow,breadcrumb
https://francielesofiati.com/blog/hair-thinning-causes-and-scalp-care,https://francielesofiati.com/blog,Journal,200,follow,breadcrumb
https://francielesofiati.com/blog/hair-thinning-causes-and-scalp-care,https://francielesofiati.com/blog,Journal,200,follow,navigational
https://francielesofiati.com/blog/hair-thinning-causes-and-scalp-care,https://francielesofiati.com/consulta,Avaliação médica,200,follow,contextual
https://francielesofiati.com/blog/hair-thinning-causes-and-scalp-care,https://francielesofiati.com/consulta,Consultar,200,follow,contextual
https://francielesofiati.com/blog/hair-thinning-causes-and-scalp-care,https://francielesofiati.com/tratamentos,Veja tratamentos →,200,follow,contextual
https://francielesofiati.com/blog/hair-thinning-causes-and-scalp-care,https://francielesofiati.com/blog/why-aesthetic-care-begins-with-consultation,consulta & Care · 6 min consulta Primeiro Leia o próximo. →,200,follow,contextual
https://francielesofiati.com/blog/hair-thinning-causes-and-scalp-care,https://francielesofiati.com/blog/laser-hair-removal-process-and-maintenance,Laser & Tecnologia · 5 min Remoção de cabelo laser Leia o próximo. →,200,follow,contextual
https://francielesofiati.com/blog/hair-thinning-causes-and-scalp-care,https://francielesofiati.com/blog/rebuilding-an-overwhelmed-skin-barrier,consulta & Care · 6 min pele Barreira Leia o próximo. →,200,follow,contextual
https://francielesofiati.com/blog/hair-thinning-causes-and-scalp-care,https://francielesofiati.com/blog/laser-hair-removal-process-and-maintenance,← Ensaio anterior Remoção de cabelo laser,200,prev,navigational
https://francielesofiati.com/blog/hair-thinning-causes-and-scalp-care,https://francielesofiati.com/blog,Edição completa → Procure todos os dez ensaios.,200,follow,navigational
https://francielesofiati.com/servicos/ultraformer-mpt,https://francielesofiati.com,Início,200,follow,breadcrumb
https://francielesofiati.com/servicos/ultraformer-mpt,https://francielesofiati.com/tratamentos,Tratamentos,200,follow,breadcrumb
https://francielesofiati.com/servicos/ultraformer-mpt,https://francielesofiati.com/consulta,Agendar consulta →,200,follow,contextual
https://francielesofiati.com/servicos/ultraformer-mpt,https://francielesofiati.com/consulta,Agendar uma consulta em Londrina →,200,follow,contextual
https://francielesofiati.com/servicos/ultraformer-mpt,https://francielesofiati.com/tratamentos,Ver todos os tratamentos →,200,follow,contextual
https://francielesofiati.com/servicos/limpeza-de-pele-profunda,https://francielesofiati.com,Início,200,follow,breadcrumb
https://francielesofiati.com/servicos/limpeza-de-pele-profunda,https://francielesofiati.com/tratamentos,Tratamentos,200,follow,breadcrumb
https://francielesofiati.com/servicos/limpeza-de-pele-profunda,https://francielesofiati.com/consulta,Agendar consulta →,200,follow,contextual
https://francielesofiati.com/servicos/limpeza-de-pele-profunda,https://francielesofiati.com/consulta,Agendar uma consulta em Londrina →,200,follow,contextual
https://francielesofiati.com/servicos/limpeza-de-pele-profunda,https://francielesofiati.com/tratamentos,Ver todos os tratamentos →,200,follow,contextual
https://francielesofiati.com/servicos/peeling-ultrassonico,https://francielesofiati.com,Início,200,follow,breadcrumb
https://francielesofiati.com/servicos/peeling-ultrassonico,https://francielesofiati.com/tratamentos,Tratamentos,200,follow,breadcrumb
https://francielesofiati.com/servicos/peeling-ultrassonico,https://francielesofiati.com/consulta,Agendar consulta →,200,follow,contextual
https://francielesofiati.com/servicos/peeling-ultrassonico,https://francielesofiati.com/consulta,Agendar uma consulta em Londrina →,200,follow,contextual
https://francielesofiati.com/servicos/peeling-ultrassonico,https://francielesofiati.com/tratamentos,Ver todos os tratamentos →,200,follow,contextual
https://francielesofiati.com/servicos/peeling-de-diamante,https://francielesofiati.com,Início,200,follow,breadcrumb
https://francielesofiati.com/servicos/peeling-de-diamante,https://francielesofiati.com/tratamentos,Tratamentos,200,follow,breadcrumb
https://francielesofiati.com/servicos/peeling-de-diamante,https://francielesofiati.com/consulta,Agendar consulta →,200,follow,contextual
https://francielesofiati.com/servicos/peeling-de-diamante,https://francielesofiati.com/consulta,Agendar uma consulta em Londrina →,200,follow,contextual
https://francielesofiati.com/servicos/peeling-de-diamante,https://francielesofiati.com/tratamentos,Ver todos os tratamentos →,200,follow,contextual
https://francielesofiati.com/servicos/peeling-de-cristal-microdermoabrasao,https://francielesofiati.com,Início,200,follow,breadcrumb
https://francielesofiati.com/servicos/peeling-de-cristal-microdermoabrasao,https://francielesofiati.com/tratamentos,Tratamentos,200,follow,breadcrumb
https://francielesofiati.com/servicos/peeling-de-cristal-microdermoabrasao,https://francielesofiati.com/consulta,Agendar consulta →,200,follow,contextual
https://francielesofiati.com/servicos/peeling-de-cristal-microdermoabrasao,https://francielesofiati.com/consulta,Agendar uma consulta em Londrina →,200,follow,contextual
https://francielesofiati.com/servicos/peeling-de-cristal-microdermoabrasao,https://francielesofiati.com/tratamentos,Ver todos os tratamentos →,200,follow,contextual
https://francielesofiati.com/servicos/peeling-retinoico,https://francielesofiati.com,Início,200,follow,breadcrumb
https://francielesofiati.com/servicos/peeling-retinoico,https://francielesofiati.com/tratamentos,Tratamentos,200,follow,breadcrumb
https://francielesofiati.com/servicos/peeling-retinoico,https://francielesofiati.com/consulta,Agendar consulta →,200,follow,contextual
https://francielesofiati.com/servicos/peeling-retinoico,https://francielesofiati.com/consulta,Agendar uma consulta em Londrina →,200,follow,contextual
https://francielesofiati.com/servicos/peeling-retinoico,https://francielesofiati.com/tratamentos,Ver todos os tratamentos →,200,follow,contextual
https://francielesofiati.com/servicos/peeling-de-jessner,https://francielesofiati.com,Início,200,follow,breadcrumb
https://francielesofiati.com/servicos/peeling-de-jessner,https://francielesofiati.com/tratamentos,Tratamentos,200,follow,breadcrumb
https://francielesofiati.com/servicos/peeling-de-jessner,https://francielesofiati.com/consulta,Agendar consulta →,200,follow,contextual
https://francielesofiati.com/servicos/peeling-de-jessner,https://francielesofiati.com/consulta,Agendar uma consulta em Londrina →,200,follow,contextual
https://francielesofiati.com/servicos/peeling-de-jessner,https://francielesofiati.com/tratamentos,Ver todos os tratamentos →,200,follow,contextual
https://francielesofiati.com/servicos/peeling-de-ata,https://francielesofiati.com,Início,200,follow,breadcrumb
https://francielesofiati.com/servicos/peeling-de-ata,https://francielesofiati.com/tratamentos,Tratamentos,200,follow,breadcrumb
https://francielesofiati.com/servicos/peeling-de-ata,https://francielesofiati.com/consulta,Agendar consulta →,200,follow,contextual
https://francielesofiati.com/servicos/peeling-de-ata,https://francielesofiati.com/consulta,Agendar uma consulta em Londrina →,200,follow,contextual
https://francielesofiati.com/servicos/peeling-de-ata,https://francielesofiati.com/tratamentos,Ver todos os tratamentos →,200,follow,contextual
https://francielesofiati.com/servicos/protocolo-profissional-de-despigmentacao,https://francielesofiati.com,Início,200,follow,breadcrumb
https://francielesofiati.com/servicos/protocolo-profissional-de-despigmentacao,https://francielesofiati.com/tratamentos,Tratamentos,200,follow,breadcrumb
https://francielesofiati.com/servicos/protocolo-profissional-de-despigmentacao,https://francielesofiati.com/consulta,Agendar consulta →,200,follow,contextual
https://francielesofiati.com/servicos/protocolo-profissional-de-despigmentacao,https://francielesofiati.com/consulta,Agendar uma consulta em Londrina →,200,follow,contextual
https://francielesofiati.com/servicos/protocolo-profissional-de-despigmentacao,https://francielesofiati.com/tratamentos,Ver todos os tratamentos →,200,follow,contextual
https://francielesofiati.com/servicos/plataforma-harmony-de-laser-e-luz,https://francielesofiati.com,Início,200,follow,breadcrumb
https://francielesofiati.com/servicos/plataforma-harmony-de-laser-e-luz,https://francielesofiati.com/tratamentos,Tratamentos,200,follow,breadcrumb
https://francielesofiati.com/servicos/plataforma-harmony-de-laser-e-luz,https://francielesofiati.com/consulta,Agendar consulta →,200,follow,contextual
https://francielesofiati.com/servicos/plataforma-harmony-de-laser-e-luz,https://francielesofiati.com/consulta,Agendar uma consulta em Londrina →,200,follow,contextual
https://francielesofiati.com/servicos/plataforma-harmony-de-laser-e-luz,https://francielesofiati.com/tratamentos,Ver todos os tratamentos →,200,follow,contextual
https://francielesofiati.com/servicos/reducao-de-pelos-a-laser-com-lightsheer-duet,https://francielesofiati.com,Início,200,follow,breadcrumb
https://francielesofiati.com/servicos/reducao-de-pelos-a-laser-com-lightsheer-duet,https://francielesofiati.com/tratamentos,Tratamentos,200,follow,breadcrumb
https://francielesofiati.com/servicos/reducao-de-pelos-a-laser-com-lightsheer-duet,https://francielesofiati.com/consulta,Agendar consulta →,200,follow,contextual
https://francielesofiati.com/servicos/reducao-de-pelos-a-laser-com-lightsheer-duet,https://francielesofiati.com/consulta,Agendar uma consulta em Londrina →,200,follow,contextual
https://francielesofiati.com/servicos/reducao-de-pelos-a-laser-com-lightsheer-duet,https://francielesofiati.com/tratamentos,Ver todos os tratamentos →,200,follow,contextual
https://francielesofiati.com/servicos/laser-acupulse-co2,https://francielesofiati.com,Início,200,follow,breadcrumb
https://francielesofiati.com/servicos/laser-acupulse-co2,https://francielesofiati.com/tratamentos,Tratamentos,200,follow,breadcrumb
https://francielesofiati.com/servicos/laser-acupulse-co2,https://francielesofiati.com/consulta,Agendar consulta →,200,follow,contextual
https://francielesofiati.com/servicos/laser-acupulse-co2,https://francielesofiati.com/consulta,Agendar uma consulta em Londrina →,200,follow,contextual
https://francielesofiati.com/servicos/laser-acupulse-co2,https://francielesofiati.com/tratamentos,Ver todos os tratamentos →,200,follow,contextual
https://francielesofiati.com/servicos/toxina-botulinica-terco-superior-da-face,https://francielesofiati.com,Início,200,follow,breadcrumb
https://francielesofiati.com/servicos/toxina-botulinica-terco-superior-da-face,https://francielesofiati.com/tratamentos,Tratamentos,200,follow,breadcrumb
https://francielesofiati.com/servicos/toxina-botulinica-terco-superior-da-face,https://francielesofiati.com/consulta,Agendar consulta →,200,follow,contextual
https://francielesofiati.com/servicos/toxina-botulinica-terco-superior-da-face,https://francielesofiati.com/consulta,Agendar uma consulta em Londrina →,200,follow,contextual
https://francielesofiati.com/servicos/toxina-botulinica-terco-superior-da-face,https://francielesofiati.com/tratamentos,Ver todos os tratamentos →,200,follow,contextual
https://francielesofiati.com/servicos/toxina-botulinica-platisma-e-terco-inferior,https://francielesofiati.com,Início,200,follow,breadcrumb
https://francielesofiati.com/servicos/toxina-botulinica-platisma-e-terco-inferior,https://francielesofiati.com/tratamentos,Tratamentos,200,follow,breadcrumb
https://francielesofiati.com/servicos/toxina-botulinica-platisma-e-terco-inferior,https://francielesofiati.com/consulta,Agendar consulta →,200,follow,contextual
https://francielesofiati.com/servicos/toxina-botulinica-platisma-e-terco-inferior,https://francielesofiati.com/consulta,Agendar uma consulta em Londrina →,200,follow,contextual
https://francielesofiati.com/servicos/toxina-botulinica-platisma-e-terco-inferior,https://francielesofiati.com/tratamentos,Ver todos os tratamentos →,200,follow,contextual
https://francielesofiati.com/servicos/mmp-microinfusao-de-medicamentos-na-pele,https://francielesofiati.com,Início,200,follow,breadcrumb
https://francielesofiati.com/servicos/mmp-microinfusao-de-medicamentos-na-pele,https://francielesofiati.com/tratamentos,Tratamentos,200,follow,breadcrumb
https://francielesofiati.com/servicos/mmp-microinfusao-de-medicamentos-na-pele,https://francielesofiati.com/consulta,Agendar consulta →,200,follow,contextual
https://francielesofiati.com/servicos/mmp-microinfusao-de-medicamentos-na-pele,https://francielesofiati.com/consulta,Agendar uma consulta em Londrina →,200,follow,contextual
https://francielesofiati.com/servicos/mmp-microinfusao-de-medicamentos-na-pele,https://francielesofiati.com/tratamentos,Ver todos os tratamentos →,200,follow,contextual
https://francielesofiati.com/servicos/mesoterapia-capilar,https://francielesofiati.com,Início,200,follow,breadcrumb
https://francielesofiati.com/servicos/mesoterapia-capilar,https://francielesofiati.com/tratamentos,Tratamentos,200,follow,breadcrumb
https://francielesofiati.com/servicos/mesoterapia-capilar,https://francielesofiati.com/consulta,Agendar consulta →,200,follow,contextual
https://francielesofiati.com/servicos/mesoterapia-capilar,https://francielesofiati.com/consulta,Agendar uma consulta em Londrina →,200,follow,contextual
https://francielesofiati.com/servicos/mesoterapia-capilar,https://francielesofiati.com/tratamentos,Ver todos os tratamentos →,200,follow,contextual
https://francielesofiati.com/servicos/microagulhamento,https://francielesofiati.com,Início,200,follow,breadcrumb
https://francielesofiati.com/servicos/microagulhamento,https://francielesofiati.com/tratamentos,Tratamentos,200,follow,breadcrumb
https://francielesofiati.com/servicos/microagulhamento,https://francielesofiati.com/consulta,Agendar consulta →,200,follow,contextual
https://francielesofiati.com/servicos/microagulhamento,https://francielesofiati.com/consulta,Agendar uma consulta em Londrina →,200,follow,contextual
https://francielesofiati.com/servicos/microagulhamento,https://francielesofiati.com/tratamentos,Ver todos os tratamentos →,200,follow,contextual
https://francielesofiati.com/servicos/radiofrequencia,https://francielesofiati.com,Início,200,follow,breadcrumb
https://francielesofiati.com/servicos/radiofrequencia,https://francielesofiati.com/tratamentos,Tratamentos,200,follow,breadcrumb
https://francielesofiati.com/servicos/radiofrequencia,https://francielesofiati.com/consulta,Agendar consulta →,200,follow,contextual
https://francielesofiati.com/servicos/radiofrequencia,https://francielesofiati.com/consulta,Agendar uma consulta em Londrina →,200,follow,contextual
https://francielesofiati.com/servicos/radiofrequencia,https://francielesofiati.com/tratamentos,Ver todos os tratamentos →,200,follow,contextual
https://francielesofiati.com/servicos/tecnologia-de-plasma,https://francielesofiati.com,Início,200,follow,breadcrumb
https://francielesofiati.com/servicos/tecnologia-de-plasma,https://francielesofiati.com/tratamentos,Tratamentos,200,follow,breadcrumb
https://francielesofiati.com/servicos/tecnologia-de-plasma,https://francielesofiati.com/consulta,Agendar consulta →,200,follow,contextual
https://francielesofiati.com/servicos/tecnologia-de-plasma,https://francielesofiati.com/consulta,Agendar uma consulta em Londrina →,200,follow,contextual
https://francielesofiati.com/servicos/tecnologia-de-plasma,https://francielesofiati.com/tratamentos,Ver todos os tratamentos →,200,follow,contextual
https://francielesofiati.com/servicos/peim-tratamento-estetico-para-microvasos,https://francielesofiati.com,Início,200,follow,breadcrumb
https://francielesofiati.com/servicos/peim-tratamento-estetico-para-microvasos,https://francielesofiati.com/tratamentos,Tratamentos,200,follow,breadcrumb
https://francielesofiati.com/servicos/peim-tratamento-estetico-para-microvasos,https://francielesofiati.com/consulta,Agendar consulta →,200,follow,contextual
https://francielesofiati.com/servicos/peim-tratamento-estetico-para-microvasos,https://francielesofiati.com/consulta,Agendar uma consulta em Londrina →,200,follow,contextual
https://francielesofiati.com/servicos/peim-tratamento-estetico-para-microvasos,https://francielesofiati.com/tratamentos,Ver todos os tratamentos →,200,follow,contextual
